date,regime,target_next_regime,eq_tot_next,bd_tot_next,rf_tot_next,pred_RF,p_RF_calm,p_RF_normal,p_RF_stressed,pred_Logit,p_Logit_calm,p_Logit_normal,p_Logit_stressed
1996-02-29,calm,calm,0.007917,-0.0069511488704382,0.0039,calm,0.5657771163767683,0.4184885123409297,0.015734371282301766,calm,0.5644576817898571,0.3854061465688466,0.050136171641296204
1996-03-31,calm,calm,0.013432,-0.005623775407948,0.0046,calm,0.5654690478825249,0.4228301646356945,0.011700787481780281,calm,0.5810781206254403,0.36410427051302424,0.05481760886153541
1996-04-30,calm,calm,0.022853,-0.0020305942872614,0.0042,calm,0.558184517347474,0.43226867170850375,0.00954681094402213,calm,0.5646350319641062,0.3867850425292882,0.0485799255066056
1996-05-31,calm,calm,0.002257,0.0134291915355397,0.004,normal,0.45803411838431396,0.5365791664598385,0.005386715155847523,calm,0.5583236546852826,0.3953425847283778,0.046333760586339666
1996-06-30,calm,stressed,-0.045748,0.0027365070866609,0.0045,calm,0.5237913858425366,0.4708218990016159,0.005386715155847523,calm,0.5276924801348705,0.4342913575580832,0.038016162307046394
1996-07-31,stressed,stressed,0.018814,-0.0016759859395162,0.0041,normal,0.2040032719768992,0.5602519615900224,0.23574476643307843,stressed,0.12310208250409486,0.40916861575639535,0.4677293017395099
1996-08-31,stressed,normal,0.054173,0.0174268310800773,0.0044,normal,0.16428832919625844,0.4796197316940285,0.3560919391097132,stressed,0.04459524953132939,0.07472225040040904,0.8806825000682615
1996-09-30,normal,normal,0.026131,0.0221514828497582,0.0042,normal,0.03359520959794243,0.9663242008485322,8.058955352525427e-05,normal,0.062355308415919915,0.9269693283007956,0.010675363283284578
1996-10-31,normal,calm,0.073376,0.0171285714285713,0.0041,normal,0.030056559685851105,0.9698628507606234,8.058955352525427e-05,normal,0.06014250090592092,0.9290532386962255,0.010804260397853602
1996-11-30,calm,calm,-0.021505,-0.0092978833972386,0.0046,calm,0.5199204566660162,0.4783709903363842,0.0017085529975996508,calm,0.6935715016737565,0.28889987376522147,0.017528624561022058
1996-12-31,calm,calm,0.061317,0.003062222663283,0.0045,calm,0.7238985639676749,0.2751289512562946,0.0009724847760301864,calm,0.7391334362833869,0.2472441624691809,0.013622401247432138
1997-01-31,calm,calm,0.005928,0.0024875270306559,0.0039,calm,0.6871755803165404,0.3118519349074294,0.0009724847760301864,calm,0.7415262834537085,0.24531943167654374,0.01315428486974777
1997-02-28,calm,stressed,-0.042614,-0.0110815040392505,0.0043,calm,0.6922085630934012,0.2962642725026571,0.01152716440394187,calm,0.7432764484070041,0.2277853219682749,0.028938229624721114
1997-03-31,stressed,normal,0.058406,0.0149694196142167,0.0043,normal,0.3121701448483027,0.4147493054966598,0.27308054965503753,stressed,0.1275841080395625,0.14912369851015472,0.7232921934502827
1997-04-30,normal,normal,0.058577,0.0094531765763488,0.0049,normal,0.23015748117662926,0.7560521531623833,0.013790365660987297,normal,0.16333269741118672,0.8096487348903161,0.027018567698497267
1997-05-31,normal,normal,0.043453,0.0118693123312834,0.0037,normal,0.23280573749550948,0.7543366880417809,0.012857574462709373,normal,0.16616796022978275,0.8029383296328831,0.03089371013733408
1997-06-30,normal,calm,0.078123,0.0269668174754877,0.0043,normal,0.16901166386038283,0.8233061800123425,0.007682156127274652,normal,0.16969045935854538,0.8037566662848282,0.026552874356626562
1997-07-31,calm,normal,-0.057446,-0.0085297268344938,0.0041,calm,0.7294258925241688,0.2560781772285476,0.014495930247283496,calm,0.7846041133645266,0.18999978583538946,0.02539610080008379
1997-08-31,normal,normal,0.053154,0.0147481868643897,0.0044,normal,0.24502289053101625,0.7445057365096912,0.010471372959292263,normal,0.24990534141007412,0.6953533360072253,0.054741322582700584
1997-09-30,normal,normal,-0.034478,0.0145072203367271,0.0042,normal,0.28241725921124144,0.703572935912956,0.014009804875802195,normal,0.2537480475967864,0.6917408050231945,0.0545111473800192
1997-10-31,normal,normal,0.044587,0.0046047884552311,0.0039,normal,0.3375991652968719,0.649293231108706,0.013107603594422092,normal,0.25586220330114734,0.6891110212262752,0.05502677547257744
1997-11-30,normal,normal,0.015732,0.0100684287505223,0.0048,normal,0.34297412731944066,0.6448136665219261,0.012212206158633365,normal,0.24613222054430575,0.702039205626745,0.051828573828949134
1997-12-31,normal,normal,0.01015,0.0128382484129958,0.0043,normal,0.37208916753421,0.6106759812902606,0.01723485117552932,normal,0.24655603187726663,0.7041370860304306,0.049306882092302835
1998-01-31,normal,normal,0.070449,-0.0007531273934133,0.0039,normal,0.38490893410599386,0.5910126797288928,0.02407838616511349,normal,0.2580444445469631,0.6931488160201742,0.048806739432862754
1998-02-28,normal,calm,0.049946,0.0034363383196434,0.0039,normal,0.3738827370355511,0.6200393626939457,0.0060779002705031795,normal,0.27061830840582557,0.6887540258817667,0.04062766571240771
1998-03-31,calm,calm,0.009076,0.0052196053469129,0.0043,calm,0.9482845281870383,0.04598962965520296,0.005725842157758683,calm,0.7713626384932796,0.19097262997682213,0.037664731529898264
1998-04-30,calm,normal,-0.018826,0.0094858156028367,0.004,calm,0.9371719832576165,0.05710217458462469,0.005725842157758683,calm,0.7664115019232528,0.19530382309970137,0.03828467497704594
1998-05-31,normal,normal,0.039438,0.0084808490885597,0.0041,normal,0.3199643739641424,0.6732335828230954,0.0068020432127620075,normal,0.2836830106800158,0.6732049270127725,0.043112062307211825
1998-06-30,normal,normal,-0.011615,0.0021272625489829,0.004,normal,0.29610104601338433,0.6975135774405201,0.006385376546095342,normal,0.2651575917074272,0.6961235273344548,0.038718880958118
1998-07-31,normal,normal,-0.145797,0.0162743929688664,0.0043,normal,0.3372488798731683,0.6547634453260275,0.007987674800804171,normal,0.2846819418925922,0.6742026421473272,0.04111541596008048
1998-08-31,normal,normal,0.062396,0.0234160284363664,0.0046,calm,0.5116454042038147,0.4883545957961852,0.0,normal,0.24324532657070008,0.7567546734292999,0.0
1998-09-30,normal,normal,0.080294,-0.005275470256851,0.0032,calm,0.5448649862593368,0.4551350137406633,0.0,normal,0.2793158069429845,0.7206841930570155,0.0
1998-10-31,normal,normal,0.059126,0.0056634110052555,0.0031,calm,0.5141861990115325,0.48581380098846755,0.0,normal,0.2553368142618263,0.7446631857381737,0.0
1998-11-30,normal,normal,0.056375,0.0030066575989691,0.0038,calm,0.5037326385212512,0.4962673614787488,0.0,normal,0.2195102937952509,0.7804897062047491,0.0
1998-12-31,normal,normal,0.041009,0.0071372493041181,0.0035,normal,0.4005686786741263,0.5994313213258736,0.0,normal,0.24715019201096078,0.7528498079890392,0.0
1999-01-31,normal,normal,-0.032283,-0.017456830368743,0.0035,normal,0.44338221394197647,0.5566177860580237,0.0,normal,0.2677899967803241,0.7322100032196759,0.0
1999-02-28,normal,normal,0.038794,0.0055416646631725,0.0043,normal,0.10745027058849317,0.6621880202664346,0.23036170914507217,normal,0.06418437092853069,0.6894215731096883,0.2463940559617809
1999-03-31,normal,normal,0.037944,0.0031679996174491,0.0037,normal,0.03795300505907206,0.7751464191736029,0.186900575767325,normal,0.09900626874764053,0.7286676448550444,0.1723260863973151
1999-04-30,normal,normal,-0.02497,-0.00875896751436,0.0034,normal,0.06644676115966029,0.7426478330057487,0.190905405834591,normal,0.09966592695459689,0.7303530068740652,0.16998106617133782
1999-05-31,normal,normal,0.054438,-0.0031859002873321,0.004,normal,0.12503491067791017,0.6963930277957951,0.1785720615262946,normal,0.09568962546306241,0.7340831659863902,0.17022720855054738
1999-06-30,normal,normal,-0.032046,-0.0042574233543188,0.0038,normal,0.060138310351373146,0.7949493379260231,0.14491235172260394,normal,0.10197793020183825,0.7368089809387366,0.16121308885942523
1999-07-31,normal,stressed,-0.006254,-0.0005087147684741,0.0039,normal,0.1376339043227545,0.6847591577199528,0.17760693795729277,normal,0.0979202973716497,0.7338213647531756,0.16825833787517475
1999-08-31,stressed,stressed,-0.028552,0.0116094475211767,0.0039,stressed,0.06703821485298413,0.12910872457023936,0.8038530605767766,stressed,0.009608434718372654,0.02311814198118382,0.9672734233004436
1999-09-30,stressed,normal,0.06254,0.0036896390622567,0.0039,stressed,0.053384714132190765,0.10044697982090671,0.8461683060469025,stressed,0.005212363172924453,0.016983683421400504,0.9778039534056749
1999-10-31,normal,normal,0.019062,-7.161186369886163e-05,0.0036,stressed,0.08467456340046337,0.367596609567913,0.5477288270316235,normal,0.04522365684985732,0.7689881551337324,0.1857881880164103
1999-11-30,normal,normal,0.057844,-0.0048222108165529,0.0044,stressed,0.08500530267022062,0.3695975735596473,0.5453971237701322,normal,0.04519997388575779,0.7720875176684304,0.18271250844581183
1999-12-31,normal,stressed,-0.050904,-0.0032743628185907,0.0041,stressed,0.085994292930058,0.3873227813678715,0.5266829257020704,normal,0.04339646693200856,0.7783936601900494,0.17820987287794202
2000-01-31,stressed,stressed,-0.020108,0.0120935717551924,0.0043,stressed,0.05600121877355722,0.14572910577830636,0.7982696754481365,stressed,0.0036790631925526355,0.014388532582536964,0.9819324042249103
2000-02-29,stressed,normal,0.09672,0.0131736954117966,0.0047,stressed,0.05321425578893777,0.13608384482910782,0.8107018993819542,stressed,0.00012127781725236951,0.003046768360249872,0.9968319538224978
2000-03-31,normal,normal,-0.030796,-0.0028633456551075,0.0046,normal,0.1129451306192102,0.5718941979709636,0.31516067140982634,stressed,0.0013058758959442365,0.03318386564186589,0.9655102584621899
2000-04-30,normal,stressed,-0.021915,-0.00045898012263,0.005,normal,0.11999691472503375,0.6225083676568071,0.2574947176181594,stressed,0.020457093016115833,0.31166817933315116,0.667874727650733
2000-05-31,stressed,stressed,0.023934,0.0208048791974755,0.004,stressed,0.09379041953476312,0.24168525581816183,0.6645243246470747,stressed,0.005381013185631568,0.05914621777362479,0.9354727690407437
2000-06-30,stressed,normal,-0.016341,0.0090773826687735,0.0048,stressed,0.09842697009734709,0.21626589241229813,0.6853071374903544,stressed,0.0019156757547934993,0.022470922018108904,0.9756134022270976
2000-07-31,normal,normal,0.060699,0.0144937475710398,0.005,normal,0.038598892166431656,0.8367416271633227,0.12465948067024563,normal,0.0760259282472751,0.73662059217393,0.18735347957879483
2000-08-31,normal,normal,-0.053483,0.0062870405840864,0.0051,normal,0.1277074624887891,0.8175834240443431,0.05470911346686789,normal,0.1811128675660091,0.6272697712704972,0.19161736116349365
2000-09-30,normal,normal,-0.00495,0.0066172518810461,0.0056,normal,0.12711206516528284,0.8468577776863414,0.026030157148375675,normal,0.19939862515128,0.6424712878860275,0.15813008696269254
2000-10-31,normal,normal,-0.080069,0.0163509560303882,0.0051,normal,0.1609955304016584,0.8135786506099411,0.02542581898840057,normal,0.1982357745568458,0.6555463648386016,0.1462178606045526
2000-11-30,normal,normal,0.004053,0.0185503376270887,0.005,normal,0.10825996571402739,0.8843561574955059,0.007383876790466722,normal,0.20089635753514826,0.661921195177258,0.13718244728759377
2000-12-31,normal,normal,0.034637,0.0163536339020931,0.0054,normal,0.09513732077213131,0.8997949004491534,0.0050677787787151195,normal,0.19676518308968377,0.6673448053224134,0.13589001158790281
2001-01-31,normal,normal,-0.092291,0.0087112802621842,0.0038,normal,0.10733967674613427,0.8890289216416575,0.003631401612208117,normal,0.19722880401058887,0.6739478840020873,0.12882331198732389
2001-02-28,normal,normal,-0.064205,0.0050202276395496,0.0042,normal,0.2083583712310967,0.7389634447180858,0.05267818405081712,normal,0.13568711674969688,0.6716845092267595,0.19262837402354357
2001-03-31,normal,normal,0.076814,-0.0041504593661684,0.0039,normal,0.1679744844990219,0.8032304164337122,0.028795099067265573,normal,0.10929694196746514,0.7002334317528244,0.1904696262797104
2001-04-30,normal,normal,0.00509,0.0060317294099168,0.0032,normal,0.1237299502255992,0.858065155763029,0.018204894011371528,normal,0.10618974681105929,0.7043938798424004,0.1894163733465403
2001-05-31,normal,normal,-0.025004,0.0037784555172737,0.0028,normal,0.08001384840331516,0.8921378464338642,0.027848305162820313,normal,0.09597311220558424,0.7359779143236532,0.16804897347076259
2001-06-30,normal,normal,-0.010772,0.0223572598875914,0.003,normal,0.1791997252892904,0.724917260615074,0.09588301409563553,normal,0.09677743602146371,0.7092707992525643,0.19395176472597203
2001-07-31,normal,normal,-0.064108,0.011451465665889,0.0031,normal,0.08575961907580414,0.877567563590797,0.03667281733339852,normal,0.09832520225536062,0.7310776501705273,0.17059714757411198
2001-08-31,normal,normal,-0.081723,0.0116527442112335,0.0028,normal,0.13176344401319504,0.8352052296676802,0.03303132631912466,normal,0.11592771144989993,0.7483742984604782,0.13569799008962194
2001-09-30,normal,normal,0.018099,0.0209256450669601,0.0022,normal,0.09684133950395096,0.8841872576207103,0.01897140287533892,normal,0.12666197204067883,0.7713291163470801,0.10200891161224108
2001-10-31,normal,normal,0.075176,-0.0137874786391176,0.0017,normal,0.1504990020540932,0.8198437871812727,0.02965721076463407,normal,0.15912508276200185,0.7430258477499173,0.09784906948808089
2001-11-30,normal,normal,0.007574,-0.0063501752451463,0.0015,normal,0.055769335153063614,0.9320020419452401,0.012228622901696224,normal,0.13575558016132033,0.7964498662547769,0.06779455358390285
2001-12-31,normal,normal,-0.015574,0.0080949597233643,0.0014,normal,0.01589051593794057,0.9813718183474518,0.00273766571460751,normal,0.12310227640986134,0.853938305596769,0.022959417993369657
2002-01-31,normal,normal,-0.020766,0.0096909891492371,0.0013,normal,0.10449092643675091,0.8598231557784919,0.035685917784757354,normal,0.10581063860586418,0.8470757217535795,0.047113639640556315
2002-02-28,normal,normal,0.036739,-0.0166358415263311,0.0013,normal,0.10021042686440274,0.658966838020081,0.2408227351155162,normal,0.14451381372627609,0.5987983954663457,0.2566877908073782
2002-03-31,normal,normal,-0.061418,0.0193920076023796,0.0015,normal,0.11186319550195288,0.6376548879833835,0.2504819165146635,normal,0.14302273403955335,0.5743325600906097,0.2826447058698369
2002-04-30,normal,normal,-0.009081,0.0084967954942707,0.0014,normal,0.12905597083559014,0.6383268821373616,0.2326171470270482,normal,0.15553966493073432,0.5823928593828629,0.26206747568640276
2002-05-31,normal,stressed,-0.072465,0.0086466708391508,0.0013,normal,0.1327050974754781,0.6408391684980111,0.22645573402651076,normal,0.14898065651805883,0.5964735797625782,0.254545763719363
2002-06-30,stressed,normal,-0.078995,0.0120664801962713,0.0015,stressed,0.13741244143865172,0.17756960182806006,0.6850179567332882,stressed,0.044335064246142766,0.05471868008660785,0.9009462556672494
2002-07-31,normal,normal,0.004881,0.016884084627937,0.0014,normal,0.14879107048173004,0.554719152403854,0.2964897771144157,normal,0.1641050682823697,0.4755741686292691,0.36032076308836114
2002-08-31,normal,normal,-0.110013,0.0161956088194643,0.0014,normal,0.1648621692794795,0.544816746920814,0.29032108379970634,normal,0.1963646519408213,0.43485752077441087,0.3687778272847678
2002-09-30,normal,normal,0.086436,-0.0045548729838525,0.0014,normal,0.13675824681786208,0.5832646619189416,0.2799770912631964,normal,0.192879429217337,0.42853023069157953,0.37859034009108333
2002-10-31,normal,normal,0.05707,-0.0002659233040511,0.0012,normal,0.13337666577171334,0.5903266085218953,0.27629672570639113,normal,0.19490484505223504,0.44984097382937605,0.35525418111838875
2002-11-30,normal,normal,-0.060333,0.0206558128869525,0.0011,normal,0.1012909506808825,0.6665190888921535,0.23218996042696402,normal,0.19217727358710707,0.45984307684114295,0.3479796495717499
2002-12-31,normal,normal,-0.027415,0.0008537253879956,0.001,normal,0.10376215209882926,0.6526795402461577,0.24355830765501316,normal,0.173665837433186,0.417395673385977,0.40893848918083703
2003-01-31,normal,normal,-0.017004,0.0138454907876306,0.0009,normal,0.11177000853139606,0.6451216175192686,0.24310837394933557,normal,0.17509940955563355,0.4160230214685475,0.4088775689758189
2003-02-28,normal,normal,0.008358,-0.0007793541987708,0.001,normal,0.08862810558737604,0.664587989426737,0.24678390498588698,normal,0.16295760925328698,0.42220694937662845,0.4148354413700845
2003-03-31,normal,normal,0.081044,0.0082516441245812,0.001,normal,0.0827285378833284,0.6731498054310382,0.2441216566856335,stressed,0.15401089323331865,0.3997746316449208,0.44621447512176066
2003-04-30,normal,normal,0.050899,0.0186450064611409,0.0009,normal,0.10562910516874714,0.6267312220447617,0.267639672786491,stressed,0.1409079371016025,0.3658810160302991,0.4932110468680985
2003-05-31,normal,normal,0.011322,-0.0019848461312759,0.001,normal,0.10753242062541883,0.6239454348996579,0.2685221444749232,stressed,0.14091534895799462,0.3590174600357789,0.5000671910062265
2003-06-30,normal,normal,0.016224,-0.0336192584394023,0.0007,normal,0.08670647250753745,0.6550524967736239,0.2582410307188385,stressed,0.13708089652794087,0.3735682618724035,0.48935084159965564
2003-07-31,normal,normal,0.017873,0.0066392269148174,0.0007,normal,0.07100380258293192,0.6922441747332077,0.23675202268386042,stressed,0.13899154646246897,0.39425712933430324,0.46675132420322785
2003-08-31,normal,normal,-0.011944,0.0264706405219461,0.0008,normal,0.1138645636575889,0.6349475790885994,0.251187857253812,normal,0.22842895055919107,0.39176554015640597,0.37980550928440304
2003-09-30,normal,normal,0.054962,-0.0093262902667128,0.0007,normal,0.11573695023607167,0.6474893384268962,0.23677371133703237,stressed,0.23007401894945756,0.3254058639317753,0.44452011711876704
2003-10-31,normal,normal,0.007129,0.0023950420880571,0.0007,normal,0.115940738740531,0.6567154134773823,0.2273438477820869,stressed,0.2232293926885756,0.35016920970848703,0.4266013976029373
2003-11-30,normal,normal,0.050766,0.0101764085213251,0.0008,normal,0.115940738740531,0.6567154134773823,0.2273438477820869,stressed,0.22208266969094156,0.35950120622510995,0.41841612408394846
2003-12-31,normal,normal,0.017276,0.0080453023030973,0.0007,normal,0.12106718571868257,0.6465563662900061,0.2323764479913116,stressed,0.22277264101310285,0.3230993779332031,0.4541279810536942
2004-01-31,normal,normal,0.012209,0.0108241419469754,0.0006,normal,0.1349987288381577,0.6186871589426589,0.24631411221918378,stressed,0.23166447322253658,0.28214451212529357,0.48619101465217
2004-02-29,normal,normal,-0.016359,0.007488986784141,0.0009,normal,0.12495824510845743,0.612389053683574,0.26265270120796863,stressed,0.22095059245460075,0.27561829512998315,0.503431112415416
2004-03-31,normal,normal,-0.016791,-0.0260166156536948,0.0008,normal,0.12782073988366086,0.5852586743103506,0.2869205858059885,stressed,0.21775487122824644,0.23700232466439713,0.5452428041073565
2004-04-30,normal,normal,0.012084,-0.0040058706725372,0.0006,normal,0.1556911647657472,0.5688437383437126,0.2754650968905403,stressed,0.2291537769805543,0.15928477220146425,0.6115614508179814
2004-05-31,normal,normal,0.017989,0.0056515784546573,0.0008,normal,0.1560533889660151,0.6010249431695454,0.2429216678644397,stressed,0.21243050567200414,0.30989072113286814,0.47767877319512764
2004-06-30,normal,normal,-0.034291,0.0099122549949146,0.001,normal,0.15408876336122365,0.6025392857312272,0.24337195090754923,stressed,0.03734025731670867,0.01213269728823369,0.9505270453950577
2004-07-31,normal,normal,0.002287,0.0190751741089716,0.0011,normal,0.1392920690080324,0.6354417072731852,0.22526622371878224,stressed,0.038093888896215504,0.013407605250791479,0.9484985058529931
2004-08-31,normal,normal,0.009364,0.0027134996608124,0.0011,stressed,0.11207540169459224,0.3795927912904709,0.5083318070149369,stressed,0.00331061795982813,0.001303409416812585,0.9953859726233594
2004-09-30,normal,normal,0.014014,0.0083857442348007,0.0011,normal,0.14600951875697604,0.4930134509978766,0.3609770302451474,stressed,0.0038720216372448587,0.0011270291073041505,0.9950009492554509
2004-10-31,normal,normal,0.038595,-0.0079764103668484,0.0015,normal,0.1628502504857542,0.44473398586593177,0.3924157636483141,stressed,0.003561891310629942,0.00107712032201639,0.9953609883673535
2004-11-30,normal,normal,0.032458,0.0092011221695278,0.0016,normal,0.18563519836151246,0.4356221154097221,0.37874268622876545,stressed,0.0034179972366950085,0.0008987496328943226,0.9956832531304107
2004-12-31,normal,normal,-0.02529,0.0062794738148423,0.0016,normal,0.17278343189095557,0.44017303743152136,0.387043530677523,stressed,0.002666631026903231,0.000602039963315567,0.9967313290097811
2005-01-31,normal,normal,0.018903,-0.0059031974282449,0.0016,normal,0.14810565237745157,0.43327077623622773,0.41862357138632067,stressed,0.002792570808183848,0.0009220357764250271,0.9962853934153912
2005-02-28,normal,normal,-0.019118,-0.0051360091306827,0.0021,normal,0.2113569822320147,0.460383715778832,0.32825930198915315,normal,0.37320502517665416,0.38881422556486367,0.2379807492584822
2005-03-31,normal,normal,-0.020109,0.0135339595976389,0.0021,normal,0.2149798404156447,0.4552627711949688,0.3297573883893865,calm,0.3912051145677294,0.34038428420809824,0.26841060122417226
2005-04-30,normal,normal,0.029952,0.0108187470266898,0.0024,normal,0.2155827309507796,0.4569125298991505,0.3275047391500699,calm,0.38519106957885446,0.34425485813576295,0.2705540722853825
2005-05-31,normal,normal,-0.000143,0.0054529078117773,0.0023,normal,0.20476889233720705,0.49520678793025247,0.30002431973254057,normal,0.34292884492398856,0.36973395244258106,0.2873372026334305
2005-06-30,normal,normal,0.035968,-0.009095384516056,0.0024,normal,0.20476889233720705,0.49520678793025247,0.30002431973254057,calm,0.3801001950936593,0.32211875668319434,0.29778104822314627
2005-07-31,normal,normal,-0.011222,0.0128194686517568,0.003,normal,0.20521333678165152,0.4955223600079064,0.2992643032104423,calm,0.39074117471533343,0.31719221685413745,0.2920666084305291
2005-08-31,normal,normal,0.006949,-0.0103091125478465,0.0029,normal,0.30394616690262377,0.4975403337236724,0.1985134993737038,calm,0.39207160669264934,0.35923572788855024,0.24869266541880047
2005-09-30,normal,normal,-0.017741,-0.0079139379560264,0.0027,normal,0.27372767603750986,0.5344580130734377,0.19181431088905254,normal,0.3722967571645509,0.41007142476218034,0.2176318180732687
2005-10-31,normal,normal,0.035186,0.0044226044226045,0.0031,normal,0.31342233417847615,0.4979728087507318,0.1886048570707922,calm,0.4213160247825245,0.3388644900525782,0.23981948516489737
2005-11-30,normal,normal,-0.000952,0.0095075016307892,0.0032,normal,0.29322845104125694,0.5022353036808774,0.20453624527786582,calm,0.42438283484452355,0.3305959472931256,0.24502121786235084
2005-12-31,normal,normal,0.025467,5.654007075595047e-05,0.0035,normal,0.3123431052342512,0.5021993493990654,0.1854575453666835,calm,0.45020523761818976,0.2592425418242986,0.29055222055751156
2006-01-31,normal,normal,0.000453,0.0033195221826463,0.0034,normal,0.3148522435893951,0.4988024148435584,0.18634534156704652,calm,0.48717304676162626,0.20055562301513535,0.31227133022323844
2006-02-28,normal,normal,0.011065,-0.0098129185986605,0.0037,normal,0.22044114679751103,0.5687960301249444,0.2107628230775446,calm,0.46791692843531546,0.14823230124084313,0.38385077032384135
2006-03-31,normal,normal,0.012187,-0.0018129344335596,0.0036,normal,0.22218919749401153,0.568507137488412,0.20930366501757644,calm,0.4613868753763127,0.15364738404130399,0.38496574058238336
2006-04-30,normal,stressed,-0.030917,-0.0010669316349301,0.0043,normal,0.19709146826497312,0.5670638173129801,0.2358447144220468,calm,0.48896253463334033,0.05848254966216229,0.45255491570449746
2006-05-31,stressed,stressed,8.7e-05,0.0021198359573098,0.004,stressed,0.09815627200237703,0.2231686166407273,0.6786751113568955,stressed,0.08906133038359364,0.005398860625790649,0.9055398089906157
2006-06-30,stressed,normal,0.005086,0.0135219793183687,0.004,stressed,0.11703329633200799,0.25633527650804205,0.6266314271599501,stressed,0.0790887548403712,0.004855069945891204,0.9160561752137376
2006-07-31,normal,normal,0.021274,0.0153082931293297,0.0042,normal,0.175529800850074,0.5512731281463991,0.27319707100352697,stressed,0.3392280501344411,0.07352225573289584,0.5872496941326631
2006-08-31,normal,normal,0.024566,0.0087839974699557,0.0041,stressed,0.1257936201937171,0.40257723775168136,0.47162914205460177,normal,0.1473568286004453,0.44270980883717853,0.4099333625623762
2006-09-30,normal,calm,0.031508,0.0066148866299344,0.0041,stressed,0.13825132150982378,0.41721699477226304,0.44453168371791324,normal,0.15477035490272054,0.4676317330037439,0.3775979120935355
2006-10-31,calm,calm,0.016467,0.0116011990501032,0.0042,stressed,0.39210220504616483,0.2018710711017324,0.4060267238521027,stressed,0.44224612300974653,0.09447498933863019,0.4632788876516234
2006-11-30,calm,calm,0.012616,-0.0058033480854339,0.004,calm,0.4239949814759232,0.24309879911266405,0.3329062194114126,calm,0.45996741862511403,0.10051503677956372,0.43951754459532216
2006-12-31,calm,calm,0.014059,-0.0004103088154461,0.0044,calm,0.43671353249135475,0.25860927989394217,0.30467718761470286,calm,0.4865787885725447,0.10432407153509031,0.409097139892365
2007-01-31,calm,calm,-0.021846,0.0154200034077354,0.0038,calm,0.4482580469442245,0.24779193974254898,0.3039500133132262,calm,0.48726358582932217,0.10463398583028599,0.4081024283403918
2007-02-28,calm,calm,0.00998,3.050896582257323e-05,0.0043,stressed,0.3503696542066945,0.250607442033887,0.39902290375941846,stressed,0.43434665687005236,0.009701459574961128,0.5559518835549866
2007-03-31,calm,calm,0.043291,0.005392295195747,0.0044,stressed,0.3950385048964129,0.20210087390543893,0.40286062119814786,stressed,0.2801278659495596,0.008575346357847733,0.7112967876925926
2007-04-30,calm,calm,0.032549,-0.0075785161583977,0.0041,stressed,0.370278150618745,0.22367530010452497,0.40604654927673006,stressed,0.27568898877903647,0.013841596491350562,0.710469414729613
2007-05-31,calm,calm,-0.017816,-0.002958240649437,0.004,stressed,0.36430474894515014,0.22696908495292237,0.40872616610192747,stressed,0.269808398659735,0.014930137775047331,0.7152614635652176
2007-06-30,calm,stressed,-0.031982,0.0083413833816337,0.004,stressed,0.3660443238665178,0.22417819112012363,0.4097774850133586,stressed,0.2777012104358131,0.015935604938049408,0.7063631846261376
2007-07-31,stressed,normal,0.012864,0.0122565046151974,0.0042,stressed,0.06376183846742557,0.14184615083637042,0.794392010696204,stressed,0.027945530764756928,0.013506427704159977,0.9585480415310831
2007-08-31,normal,normal,0.035794,0.0075863415806631,0.0032,normal,0.3154759141163871,0.5274998360669874,0.1570242498166254,stressed,0.2893918104054512,0.07303894447752557,0.6375692451170233
2007-09-30,normal,normal,0.014822,0.0089828840648855,0.0032,normal,0.33085867659707324,0.5735023757695865,0.09563894763334009,stressed,0.319195007509336,0.10316816745934121,0.5776368250313227
2007-10-31,normal,normal,-0.044043,0.0179831398828214,0.0034,normal,0.3348443538541685,0.5819449530075542,0.08321069313827728,stressed,0.30444875123014814,0.054824888215206084,0.6407263605546457
2007-11-30,normal,normal,-0.008628,0.0028087645065066,0.0027,normal,0.3307512002499388,0.5939753993076434,0.07527340044241758,stressed,0.39094784163036467,0.045891260284023606,0.5631608980856118
2007-12-31,normal,normal,-0.061164,0.0167981472099587,0.0021,normal,0.3108697714986749,0.6304154342483373,0.05871479425298751,stressed,0.42846874537127394,0.045910644108884326,0.5256206105198417
2008-01-31,normal,normal,-0.034761,0.0013879892662163,0.0013,normal,0.3148709522532131,0.6277224262588621,0.057406621487924615,stressed,0.43686837375420196,0.030561327427889425,0.5325702988179087
2008-02-29,normal,normal,-0.00596,0.0034118533471703,0.0017,normal,0.16208316586575802,0.7250294398774063,0.11288739425683554,stressed,0.15121938592058246,0.015152245377810297,0.8336283687016072
2008-03-31,normal,normal,0.047547,-0.0020897383222588,0.0018,normal,0.14874636268336347,0.7394337228769728,0.11181991443966371,stressed,0.10120069510876795,0.0036685858059663486,0.8951307190852656
2008-04-30,normal,normal,0.010674,-0.0073329500039042,0.0018,normal,0.153319937785828,0.7345109605584202,0.11216910165575149,stressed,0.1328228240451818,0.008330822373601745,0.8588463535812164
2008-05-31,normal,normal,-0.085962,-0.0008009267867103,0.0017,normal,0.1486533751755529,0.7395793212321675,0.11176730359227953,stressed,0.14876416698582945,0.015408539918272368,0.8358272930958982
2008-06-30,normal,normal,-0.009859,-0.0008230393770666,0.0015,normal,0.14615011376957546,0.7420234002317742,0.11182648599865029,stressed,0.13075472025376608,0.012544204439894556,0.8567010753063393
2008-07-31,normal,normal,0.012191,0.0094906561803869,0.0013,normal,0.1491174452679855,0.7370918524436888,0.11379070228832568,stressed,0.1159582198478467,0.010009490199954328,0.874032289952199
2008-08-31,normal,normal,-0.090792,-0.013431628540614,0.0015,normal,0.08874936573698329,0.7993592583780645,0.11189137588495231,normal,0.1407250461234581,0.5658521655305944,0.29342278834594754
2008-09-30,normal,stressed,-0.169425,-0.0236042087699489,0.0008,normal,0.08101849720714496,0.7389871578157529,0.17999434497710212,normal,0.12947794786501893,0.5864800626219956,0.2840419895129854
2008-10-31,stressed,normal,-0.074849,0.0325498486310502,0.0003,stressed,0.02983279035249231,0.23398940478796706,0.7361778048595409,stressed,0.04361487023073448,0.17927366182163618,0.7771114679476293
2008-11-30,normal,normal,0.007822,0.0373091739192466,0.0,normal,0.09410399062838176,0.46752105640842334,0.43837495296319484,normal,0.12058371636126343,0.5110226542276157,0.36839362941112086
2008-12-31,normal,normal,-0.085657,-0.0088233271439377,0.0,normal,0.08674955594574112,0.4851526307145882,0.42809781333967084,normal,0.17687743943560275,0.42995560863304066,0.39316695193135653
2009-01-31,normal,normal,-0.109931,-0.0037744489235188,0.0001,normal,0.09843034341867628,0.4766945032524812,0.4248751533288427,stressed,0.17277673288883155,0.39942771095880863,0.42779555615235976
2009-02-28,normal,normal,0.085405,0.0139013671534931,0.0002,normal,0.08293924095919629,0.5432872524453144,0.3737735065954895,normal,0.14453826247900614,0.521609042916323,0.3338526946046709
2009-03-31,normal,normal,0.093925,0.0047809093344506,0.0001,normal,0.07980070668860906,0.5858615177206423,0.3343377755907487,normal,0.13608126207211318,0.540938999841263,0.3229797380866238
2009-04-30,normal,normal,0.053081,0.0072534609468466,0.0,normal,0.06686608388444608,0.5938066551360257,0.3393272609795283,normal,0.11258097857919071,0.5822630225577422,0.305155998863067
2009-05-31,normal,normal,0.000196,0.0056876798609981,0.0001,normal,0.06546331749829154,0.5951730055970503,0.3393636769046582,normal,0.09825322888464795,0.6036241598583392,0.2981226112570129
2009-06-30,normal,normal,0.074142,0.0161296853699031,0.0001,normal,0.0590222519014793,0.6034395998221657,0.33753814827635503,normal,0.09591870495965699,0.5990731424672304,0.3050081525731127
2009-07-31,normal,normal,0.03356,0.0103544007863765,0.0001,normal,0.05868088465047619,0.6052750029086208,0.336044112440903,normal,0.08254978740938455,0.612859432178519,0.3045907804120964
2009-08-31,normal,normal,0.035723,0.010504657415381,0.0001,normal,0.0492626092133883,0.7610885812493855,0.18964880953722626,normal,0.030207191133857468,0.8031771778177454,0.16661563104839702
2009-09-30,normal,normal,-0.019762,0.0049375166698109,0.0,normal,0.04780440976402944,0.7624521163336181,0.1897434739023525,normal,0.028965706168953248,0.821719330025547,0.1493149638054998
2009-10-31,normal,normal,0.057364,0.0129466597617815,0.0,normal,0.0472431268316125,0.763013399266035,0.1897434739023525,normal,0.027873825941624252,0.8247340659596379,0.14739210809873785
2009-11-30,normal,normal,0.017771,-0.015631390593047,0.0001,normal,0.04643590935772835,0.7626655505524255,0.19089854008984627,normal,0.02957450453312875,0.8024107731771855,0.16801472228968564
2009-12-31,normal,normal,-0.036974,0.0152758481893606,0.0,normal,0.04587050159171636,0.7625120144235672,0.19161748398471637,normal,0.026130834081774645,0.8094233721282769,0.1644457937899486
2010-01-31,normal,normal,0.028514,0.0037343257431885,0.0,normal,0.044511945956596057,0.7620258579147201,0.19346219612868387,normal,0.02454716232670148,0.7310012685218822,0.24445156915141636
2010-02-28,normal,normal,0.058796,-0.0012295264730428,0.0001,normal,0.045319676489492894,0.7716119214911057,0.18306840201940164,normal,0.01271299842082543,0.798504548616588,0.1887824529625866
2010-03-31,normal,calm,0.014759,0.0104096237992574,0.0001,normal,0.045319676489492894,0.7723658897450739,0.18231443376543335,normal,0.010999444833423383,0.7827268615250852,0.20627369364149148
2010-04-30,calm,normal,-0.081976,0.0084148727984345,0.0001,normal,0.35354870558834856,0.40240602506378836,0.24404526934786322,stressed,0.1907349796297483,0.3518109839946944,0.45745403637555737
2010-05-31,normal,normal,-0.053882,0.0156814383102859,0.0001,normal,0.06507643851139622,0.7020805995773944,0.2328429619112097,normal,0.023193075363023077,0.8434375241559224,0.13336940048105453
2010-06-30,normal,normal,0.068778,0.0106750160248507,0.0001,normal,0.06412168217025473,0.7048662749597611,0.23101204286998453,normal,0.021767080206716093,0.8762984514990454,0.10193446829423858
2010-07-31,normal,normal,-0.047449,0.0128613245517748,0.0001,normal,0.06268659596414972,0.7058815952045269,0.23143180883132355,normal,0.01935876276815905,0.9021757299874846,0.07846550724435634
2010-08-31,normal,normal,0.087551,0.0010656936943445,0.0001,normal,0.06336696422602878,0.8873700798004647,0.049262955973506516,normal,0.08188971285155655,0.8663192844753979,0.051791002673045504
2010-09-30,normal,normal,0.036856,0.0035605595852428,0.0001,normal,0.06061468423808541,0.8968629739625865,0.04252234179932834,normal,0.07382950287430344,0.8852436885659595,0.04092680855973717
2010-10-31,normal,normal,-0.00229,-0.0057474019825239,0.0001,normal,0.060236029267325165,0.8972416289333468,0.04252234179932834,normal,0.07771129927414504,0.8779311214901069,0.04435757923574809
2010-11-30,normal,calm,0.0653,-0.0107836695820952,0.0001,normal,0.06060283838413428,0.8968748198165376,0.04252234179932834,normal,0.08592322113631695,0.8640533536930453,0.05002342517063776
2010-12-31,calm,calm,0.022646,0.0011638535128877,0.0001,normal,0.4241372363573202,0.5451700300115964,0.03069273363108338,calm,0.5655115080694019,0.3764625249886436,0.05802596694195457
2011-01-31,calm,calm,0.031957,0.00250150638158,0.0001,normal,0.42909292064517707,0.5498156818456071,0.021091397509215626,calm,0.5779854755857974,0.3561925472731683,0.06582197714103435
2011-02-28,calm,calm,-0.001047,0.0005524794793336,0.0001,calm,0.48845438637185373,0.4813019757425385,0.030243637885607563,calm,0.4898699904248659,0.36923704743808605,0.14089296213704813
2011-03-31,calm,calm,0.028495,0.0126939436782098,0.0,normal,0.4266998862915323,0.4961434056984089,0.07715670801005878,calm,0.4553143065963137,0.38359319429158073,0.16109249911210546
2011-04-30,calm,calm,-0.013501,0.0130501213337728,0.0,normal,0.4669970818081241,0.48056408009610546,0.05243883809577049,calm,0.47974908305772446,0.37770955403124623,0.14254136291102915
2011-05-31,calm,normal,-0.018258,-0.0029277294423118,0.0,calm,0.4911342984534129,0.4773433829435365,0.031522318603050485,calm,0.45792027910562777,0.4043041384269658,0.1377755824674064
2011-06-30,normal,normal,-0.021474,0.0158680254837524,0.0,normal,0.10752009983807104,0.8458040738330426,0.046675826328886394,normal,0.09363453600320613,0.8338516006759951,0.07251386332079879
2011-07-31,normal,normal,-0.056791,0.0146099630371439,0.0001,normal,0.10131554327164045,0.8499311395760815,0.04875331715227801,normal,0.09990658011262493,0.820156213762617,0.079937206124758
2011-08-31,normal,normal,-0.071762,0.0072746108025669,0.0,normal,0.12450768768737258,0.7742113415512827,0.10128097076134472,normal,0.10120811849470945,0.8059335935976277,0.09285828790766276
2011-09-30,normal,normal,0.107723,0.0010741690902129,0.0,normal,0.11949823112878767,0.8341540523260572,0.04634771654515524,normal,0.08670162717251784,0.8648648365728606,0.048433536254621455
2011-10-31,normal,normal,-0.005059,-0.0008675452464799,0.0,normal,0.10980703509913392,0.8461006288646008,0.04409233603626553,normal,0.06677644919527198,0.8986216324303826,0.034601918374345446
2011-11-30,normal,normal,0.008533,0.0109908314529718,0.0,normal,0.12238826072283616,0.8321063902815505,0.045505348995613586,normal,0.06781713943068629,0.8787645277758183,0.05341833279349554
2011-12-31,normal,normal,0.043583,0.0087807027952468,0.0,normal,0.10975537589253813,0.8475197838258666,0.04272484028159566,normal,0.07039940777445461,0.89342231686649,0.03617827535905546
2012-01-31,normal,normal,0.040589,-0.0002296494205552,0.0,normal,0.11171864609304272,0.8508490213093097,0.03743233259764758,normal,0.0709179493121373,0.9034690848857132,0.025612965802149435
2012-02-29,normal,normal,0.031332,-0.0054792371646907,0.0,normal,0.058825329708321765,0.9058918126720522,0.03528285761962602,normal,0.03923785700563135,0.9607430045659668,1.9138428401762644e-05
2012-03-31,normal,normal,-0.007498,0.0110864495194744,0.0,normal,0.08790372587559496,0.876813416504779,0.03528285761962602,normal,0.037874935155924744,0.9621066399685266,1.8424875548559853e-05
2012-04-30,normal,normal,-0.062651,0.0090482611069633,0.0001,normal,0.057482319763646726,0.9068122317794446,0.0357054484569088,normal,0.03989693698781972,0.9599985196872384,0.00010454332494199636
2012-05-31,normal,normal,0.039555,0.0003920356034587,0.0,normal,0.047102797176984866,0.9191904677861489,0.033706735036866275,normal,0.035400523007870374,0.9645569685432724,4.2508448857126686e-05
2012-06-30,normal,normal,0.012598,0.0137931415135474,0.0,normal,0.04878815392588856,0.9169632970790113,0.03424854899510028,normal,0.02716739816165042,0.972807887317353,2.4714520996450525e-05
2012-07-31,normal,normal,0.019763,0.0006533243319759,0.0001,normal,0.04315689448100479,0.9205726123498561,0.03627049316913918,normal,0.027556601017398503,0.9724143682017077,2.9030780893694863e-05
2012-08-31,normal,normal,0.024236,0.0013765261485561,0.0001,normal,0.02155480298831132,0.8725894618204508,0.10585573519123768,normal,0.10517418658128685,0.8799030887452273,0.014922724673485856
2012-09-30,normal,normal,-0.019789,0.0019668675189759,0.0001,normal,0.024842167351677102,0.8578136478599054,0.11734418478841731,normal,0.12933950733453334,0.8427209642370113,0.02793952842845549
2012-10-31,normal,normal,0.002847,0.0015779969741502,0.0001,normal,0.03735843867490823,0.811059900860089,0.15158166046500277,normal,0.13793168308719592,0.8236758769411395,0.038392439971664666
2012-11-30,normal,normal,0.007068,-0.0014239152797478,0.0001,normal,0.027732967446933682,0.8543008542523404,0.11796617830072575,normal,0.13127282009200067,0.83135616535745,0.037371014550549336
2012-12-31,normal,normal,0.050428,-0.0069941823583949,0.0,normal,0.027216535522051055,0.8549723852538907,0.11781107922405805,normal,0.13111670212472995,0.8308513926264497,0.03803190524882023
2013-01-31,normal,normal,0.011061,0.005012312379538,0.0,normal,0.0368420067500256,0.8126220844189586,0.15053590883101584,normal,0.1335223622898573,0.8175645168768584,0.04891312083328443
2013-02-28,normal,calm,0.035988,0.0007986222408145,0.0,normal,0.00602847348857219,0.9432468991695586,0.0507246273418692,normal,0.04390462368972592,0.918872827427874,0.03722254888240006
2013-03-31,calm,calm,0.018086,0.0101186663337204,0.0,normal,0.3565381036514475,0.552220691706664,0.09124120464188824,calm,0.498117108477178,0.4439117990294921,0.05797109249332986
2013-04-30,calm,calm,0.020763,-0.0178419802448436,0.0,normal,0.35895967018274494,0.5550458970873519,0.08599443272990297,calm,0.5023359205951846,0.4400680340126072,0.05759604539220819
2013-05-31,calm,calm,-0.014999,-0.0154685431007124,0.0,normal,0.3624525128787228,0.5575687803573826,0.07997870676389436,calm,0.5252857654282898,0.4256955652277299,0.04901866934398035
2013-06-30,calm,calm,0.049462,0.0013671907564567,0.0,normal,0.36249837273892543,0.557873186791288,0.07962844046978633,calm,0.5142352707565406,0.4227439297189987,0.06302079952446067
2013-07-31,calm,normal,-0.031298,-0.0051116402204499,0.0,normal,0.3618620502277345,0.5595689408270269,0.07856900894523852,calm,0.47271348525913154,0.44669019986025427,0.08059631488061426
2013-08-31,normal,normal,0.02975,0.009466907662784,0.0,normal,0.06851584578151153,0.5682368191435465,0.36324733507494217,normal,0.1389337127593724,0.7439076962978245,0.11715859094280301
2013-09-30,normal,normal,0.044596,0.0080849723408842,0.0,normal,0.06922262881800491,0.5784384201388869,0.35233895104310853,normal,0.12440219543121074,0.7219087910244216,0.15368901354436754
2013-10-31,normal,normal,0.02805,-0.0037441891062188,0.0,normal,0.07635962028395345,0.5423195548279104,0.3813208248881362,normal,0.12395090975970041,0.7100186764272495,0.16603041381305023
2013-11-30,normal,normal,0.023563,-0.005651147562633,0.0,normal,0.07015718258963771,0.6127995306070945,0.31704328680326804,normal,0.12964868831876009,0.745700200840327,0.12465111084091306
2013-12-31,normal,normal,-0.035583,0.0147753810056112,0.0,normal,0.0657244686757245,0.5882886159699802,0.34598691535429577,normal,0.12664604773741353,0.7106592944897376,0.16269465777284878
2014-01-31,normal,normal,0.043117,0.0053169444202076,0.0,normal,0.06514372576077256,0.581964066116908,0.3528922081223198,normal,0.12037593282785841,0.6526533698071177,0.22697069736502393
2014-02-28,normal,normal,0.006932,-0.0017032725615809,0.0,normal,0.06322515867796565,0.5566248335368861,0.38015000778514835,normal,0.10515908798907224,0.6197710294810217,0.27506988252990594
2014-03-31,normal,normal,0.006201,0.0084385205148964,0.0,normal,0.04282615077893301,0.6004071883582974,0.35676666086276976,normal,0.11117474337152139,0.6610980729244185,0.22772718370406012
2014-04-30,normal,calm,0.02103,0.0113853117086049,0.0,normal,0.031616700043076214,0.6156288731125379,0.35275442684438607,normal,0.11084755271096369,0.6668677189415142,0.22228472834752205
2014-05-31,calm,calm,0.019058,0.000516773839523,0.0,calm,0.4027453040960916,0.26612211868444774,0.3311325772194605,calm,0.7303079616447871,0.12166504991609964,0.14802698843911336
2014-06-30,calm,calm,-0.01508,-0.0025079872204473,0.0,calm,0.4068695820056794,0.28299559189586015,0.3101348260984602,calm,0.7591372266544207,0.12496912045123142,0.11589365289434793
2014-07-31,calm,calm,0.037655,0.0110394012672891,0.0,calm,0.4141015453734031,0.27534425445310834,0.31055420017348856,calm,0.7513631065214328,0.12570323019067248,0.1229336632878947
2014-08-31,calm,calm,-0.015514,-0.0067899702740804,0.0,calm,0.5166138440318347,0.3202680412780967,0.1631181146900687,calm,0.8583670396134697,0.07240833064346516,0.06922462974306519
2014-09-30,calm,calm,0.023202,0.0098293029115787,0.0,calm,0.5245958837392268,0.3162983709966558,0.1591057452641175,calm,0.8766604278711358,0.07115824800728664,0.052181324121577444
2014-10-31,calm,calm,0.024534,0.0070962307854285,0.0,calm,0.5202348365399571,0.32867772218134256,0.15108744127870052,calm,0.8691488275838507,0.06729775612357217,0.06355341629257708
2014-11-30,calm,calm,-0.004189,0.0009356639555062,0.0,calm,0.5883772657355327,0.2802022619363753,0.13142047232809198,calm,0.8893832455762437,0.06676705984256401,0.043849694581192374
2014-12-31,calm,normal,-0.031041,0.0209674808211524,0.0,calm,0.6652264623293918,0.18071749796846293,0.15405603970214535,calm,0.9024326391968273,0.05804730888617038,0.03952005191700258
2015-01-31,normal,calm,0.054893,-0.0094014383484567,0.0,normal,0.2515841672036016,0.7152481751944434,0.03316765760195503,normal,0.27296836483666054,0.6550913884754309,0.07194024668790842
2015-02-28,calm,calm,-0.017396,0.0046420604758756,0.0,calm,0.7205831973604031,0.19981429539432535,0.07960250724527168,calm,0.8260757846390677,0.07071091871849935,0.10321329664243299
2015-03-31,calm,calm,0.008521,-0.0035875269193011,0.0,calm,0.6897739214058145,0.19242199027694942,0.1178040883172361,calm,0.8225119229994788,0.06169157869944175,0.11579649830107945
2015-04-30,calm,normal,0.010491,-0.0024088927862172,0.0,calm,0.6285723641416977,0.17725469710747066,0.1941729387508315,calm,0.8179030218956177,0.058056317999206186,0.12404066010517611
2015-05-31,normal,stressed,-0.021012,-0.0109049731641485,0.0,normal,0.1219112594405864,0.8243851635922702,0.053703576967143375,normal,0.19152673529723052,0.5417214725663969,0.2667517921363725
2015-06-30,stressed,stressed,0.019742,0.0069528305339041,0.0,normal,0.23220728707938268,0.433928736579031,0.3338639763415863,stressed,0.1365739938785898,0.19019377124114895,0.6732322348802613
2015-07-31,stressed,stressed,-0.062581,-0.0014380720489671,0.0,stressed,0.18271594303991337,0.3906017976896023,0.42668225927048437,stressed,0.12067356518957602,0.1501892409462719,0.7291371938641521
2015-08-31,stressed,stressed,-0.026443,0.0067639933035945,0.0,stressed,0.3198110198918092,0.33813640856080956,0.3420525715473812,stressed,0.09271293238055046,0.19467297733555491,0.7126140902838947
2015-09-30,stressed,normal,0.082983,0.000170416694639,0.0,calm,0.3807902819354843,0.3402360602083956,0.2789736578561201,stressed,0.10374692973699463,0.21578211797593824,0.6804709522870671
2015-10-31,normal,normal,0.000505,-0.0026435903261116,0.0,normal,0.23771871823020474,0.6480288270239893,0.11425245474580586,normal,0.17412079104409992,0.5382869428282162,0.2875922661276839
2015-11-30,normal,normal,-0.01753,-0.0032304156053922,0.0001,normal,0.34145480668321787,0.585165626539673,0.07337956677710933,normal,0.18655824160879547,0.5326060110214862,0.28083574736971834
2015-12-31,normal,stressed,-0.050735,0.013758180118417,0.0001,normal,0.2747558856889268,0.5612823616560777,0.16396175265499555,normal,0.18012368003552764,0.4864886012259173,0.33338771873855516
2016-01-31,stressed,normal,-0.004128,0.0070956867446423,0.0002,calm,0.37462950194467043,0.29607704032550064,0.32929345772982893,stressed,0.11536027408896717,0.19758902702370462,0.6870506988873283
2016-02-29,normal,normal,0.065991,0.0091721183879862,0.0002,normal,0.32540138554426756,0.5887958813788954,0.08580273307683693,normal,0.2586480330381332,0.46461741746356316,0.2767345494983037
2016-03-31,normal,normal,0.002699,0.0038411711035049,0.0001,normal,0.25525736450251574,0.6757771246067416,0.06896551089074272,normal,0.23783135335867275,0.5101162294264597,0.2520524172148675
2016-04-30,normal,normal,0.01533,0.0002561025213543,0.0001,normal,0.23377460247066886,0.6747042932835047,0.09152110424582632,normal,0.233595234038202,0.5060999557739438,0.2603048101878541
2016-05-31,normal,normal,0.000906,0.0179677694663387,0.0002,normal,0.2513746567006335,0.6944300206955415,0.05419532260382487,normal,0.25369897848251177,0.5066901173086782,0.23961090420881004
2016-06-30,normal,normal,0.03561,0.0063224654656284,0.0002,normal,0.23173041072647185,0.7261063942655127,0.04216319500801525,normal,0.2346654784013329,0.5352128353649238,0.23012168623374335
2016-07-31,normal,normal,-0.001219,-0.0011418713948962,0.0002,normal,0.19659467259355054,0.7626443669207296,0.04076096048571976,normal,0.21963813016464273,0.57282478294191,0.20753708689344733
2016-08-31,normal,normal,-0.001234,-0.0005887605608926,0.0002,normal,0.10854071123736846,0.8773487309407665,0.014110557821865181,normal,0.18782399221237522,0.601752474221437,0.21042353356618776
2016-09-30,normal,normal,-0.019426,-0.0076485777965419,0.0002,normal,0.08399752457154015,0.8937953789036926,0.022207096524767284,normal,0.20864905782614712,0.5916202447890834,0.1997306973847696
2016-10-31,normal,normal,0.034175,-0.0236519244088256,0.0001,normal,0.04929807841136541,0.8722542341659288,0.07844768742270562,normal,0.20583383154022675,0.5849391716754502,0.2092269967843232
2016-11-30,normal,normal,0.018201,0.0014086005705338,0.0003,normal,0.04812304427129621,0.883265753693894,0.0686112020348097,normal,0.20974881233557668,0.5622748198447955,0.22797636781962777
2016-12-31,normal,normal,0.017884,0.0019631951507055,0.0004,normal,0.05167162322607508,0.901625959224921,0.046702417549003734,normal,0.18941171021397943,0.5414523589559147,0.269135930830106
2017-01-31,normal,normal,0.037198,0.0067213735639439,0.0004,normal,0.146373536448108,0.7766797885459331,0.07694667500595878,normal,0.16999838094815817,0.4931789736834319,0.3368226453684099
2017-02-28,normal,normal,-0.000389,-0.0005266959609944,0.0003,normal,0.16686123047378867,0.7262932165027604,0.10684555302345063,normal,0.16108492575115885,0.48901906039168364,0.3498960138571575
2017-03-31,normal,normal,0.009091,0.007718907307868,0.0005,normal,0.17134730744572257,0.7043386676055038,0.12431402494877349,normal,0.1816669922949865,0.4769889265729522,0.34134408113206127
2017-04-30,normal,normal,0.011576,0.0076946446269465,0.0006,normal,0.1703524577761839,0.7220210685993457,0.10762647362447014,normal,0.17414874805005964,0.47697625350916795,0.3488749984407723
2017-05-31,normal,normal,0.004814,-0.0010032915871776,0.0006,normal,0.12871733805981164,0.7793170294916011,0.09196563244858712,normal,0.18066522446691463,0.4879478404878357,0.33138693504524974
2017-06-30,normal,normal,0.019349,0.0043041393947489,0.0007,normal,0.13748190975938449,0.7731536750672753,0.08936441517334008,normal,0.17279116183631607,0.47492544127415937,0.35228339688952465
2017-07-31,normal,normal,0.000546,0.0089654730764874,0.0009,normal,0.13255313094368223,0.7578678469521926,0.10957902210412522,normal,0.18079445759345417,0.47206063227785344,0.3471449101286923
2017-08-31,normal,calm,0.019303,-0.0047602540755098,0.0009,normal,0.11504714471865862,0.6715000282182766,0.21345282706306468,normal,0.1903289669816545,0.446295034481537,0.3633759985368086
2017-09-30,calm,calm,0.022188,0.00057886836141,0.0009,calm,0.6616930669176904,0.17705425626756868,0.1612526768147409,calm,0.7952312827340362,0.061953574633996894,0.14281514263196687
2017-10-31,calm,calm,0.028083,-0.0012845404090918,0.0008,calm,0.6804084334968898,0.17498841129359247,0.14460315520951783,calm,0.7838413162269156,0.06368911386624673,0.1524695699068378
2017-11-30,calm,calm,0.009832,0.0045900383894119,0.0009,calm,0.6935790163406379,0.1654754204825252,0.1409455631768369,calm,0.7681536192587259,0.06381982002870794,0.16802656071256625
2017-12-31,calm,calm,0.056179,-0.0115179561858315,0.0011,calm,0.6970283238669847,0.17198407089481457,0.13098760523820088,calm,0.7290401403598002,0.07443327702916479,0.19652658261103492
2018-01-31,calm,normal,-0.038947,-0.0094769626260627,0.0011,calm,0.69468882377376,0.1617733417145192,0.1435378345117208,calm,0.6924868680192092,0.08366527096175279,0.22384786101903795
2018-02-28,normal,stressed,-0.026885,0.0064133597520499,0.0012,normal,0.14899560070102894,0.6810185854603299,0.16998581383864106,normal,0.18439063940637665,0.5527057755278614,0.2629035850657619
2018-03-31,stressed,stressed,0.002719,-0.0074387050702213,0.0014,normal,0.3431293888908078,0.5188350430777272,0.13803556803146502,stressed,0.13583470215735174,0.2119774321071294,0.6521878657355189
2018-04-30,stressed,normal,0.021608,0.0071347203069729,0.0014,normal,0.3687311038337803,0.5152072401036358,0.11606165606258374,stressed,0.1375419944797472,0.21896074687670752,0.6434972586435453
2018-05-31,normal,normal,0.004842,-0.0012303051950629,0.0014,normal,0.16207029988952293,0.7398095277905686,0.09812017231990837,normal,0.19132219893628113,0.562958745132836,0.24571905593088295
2018-06-30,normal,normal,0.036022,0.0002384169117062,0.0016,normal,0.15658359490527182,0.7139607969748628,0.12945560811986537,normal,0.18809909102905079,0.5497973153813702,0.26210359358957896
2018-07-31,normal,normal,0.030263,0.0064357222310504,0.0016,normal,0.16658097620785753,0.7051643707069387,0.1282546530852037,normal,0.182944493724002,0.5481672593006375,0.2688882469753605
2018-08-31,normal,normal,0.004294,-0.0064389752901239,0.0015,normal,0.17711227901122065,0.7481215129375706,0.07476620805120864,normal,0.2451928771530307,0.5459828815788472,0.20882424126812224
2018-09-30,normal,stressed,-0.069403,-0.0079009966876399,0.0019,normal,0.16898979474879838,0.7553365069033312,0.07567369834787034,normal,0.2521328296265043,0.5394830286094818,0.20838414176401382
2018-10-31,stressed,stressed,0.017859,0.0059666826846067,0.0018,normal,0.2585941331884813,0.48870969921730184,0.2526961675942167,stressed,0.12529475472658813,0.15375478784345,0.7209504574299619
2018-11-30,stressed,stressed,-0.091777,0.0183710839536641,0.0019,normal,0.2806722110349662,0.49272248473018454,0.22660530423484915,stressed,0.11738490922262883,0.15077057598867463,0.7318445147886966
2018-12-31,stressed,normal,0.078684,0.0106224958467704,0.0021,normal,0.29784508861427655,0.47500778675955185,0.22714712462617118,stressed,0.11172529769508867,0.14571205136400764,0.7425626509409037
2019-01-31,normal,normal,0.029729,-0.0005801754063646,0.0018,normal,0.15764715541837127,0.7478521367606402,0.09450070782098842,normal,0.24603045562908868,0.5497657512402908,0.20420379313062048
2019-02-28,normal,normal,0.017924,0.0192004411892761,0.0019,normal,0.1643819650490295,0.7749440675348894,0.06067396741608111,normal,0.2106156549819216,0.5814611505514579,0.20792319446662055
2019-03-31,normal,normal,0.039313,0.0002563092418468,0.0021,normal,0.1360923684321851,0.716491952839998,0.14741567872781705,normal,0.18825763961630512,0.5724589565665192,0.23928340381717564
2019-04-30,normal,normal,-0.065778,0.0177519847013103,0.0021,normal,0.1452489298812206,0.7109770114040715,0.143774058714708,normal,0.18458744383339717,0.5579331134047948,0.2574794427618081
2019-05-31,normal,normal,0.06893,0.0125560663564561,0.0018,normal,0.15103810635996925,0.7011716244008063,0.14779026923922456,normal,0.17923122120855775,0.548345686985442,0.27242309180600033
2019-06-30,normal,normal,0.013128,0.0022010305243331,0.0019,normal,0.11431340152174997,0.733499540864492,0.1521870576137581,normal,0.17188068942940524,0.5421666017449003,0.2859527088256944
2019-07-31,normal,normal,-0.018092,0.0259132823950489,0.0016,normal,0.12692555207188008,0.8401567558710354,0.032917692057084634,normal,0.16345532290852785,0.5422353855200203,0.2943092915714519
2019-08-31,normal,normal,0.017181,-0.0053249376368741,0.0018,normal,0.07040364691121077,0.8988714746428087,0.03072487844598042,normal,0.1559215508660363,0.5003690883040384,0.3437093608299254
2019-09-30,normal,normal,0.020432,0.0030121566861773,0.0015,normal,0.04253868250281165,0.8999186735715458,0.05754264392564274,normal,0.13246067287215027,0.4989480115812384,0.3685913155466114
2019-10-31,normal,normal,0.034047,-0.0005117408616099,0.0012,normal,0.021759124428082404,0.9148939419548445,0.06334693361707339,normal,0.125157758975225,0.4889366669819731,0.385905574042802
2019-11-30,normal,normal,0.02859,-0.0006961442590556,0.0014,normal,0.01901734686916871,0.913016028308932,0.06796662482189955,normal,0.11434284921199572,0.47398091650784446,0.41167623428015987
2019-12-31,normal,normal,-0.001628,0.0192449438202249,0.0013,normal,0.01815184455364277,0.8758185405223902,0.10602961492396727,normal,0.11770393746528382,0.4780191531274327,0.4042769094072836
2020-01-31,normal,normal,-0.084111,0.0179996648764009,0.0012,normal,0.030517965392947034,0.7693779819169352,0.20010405269011797,normal,0.1341439493293487,0.49358659303064845,0.3722694576400029
2020-02-29,normal,normal,-0.125119,-0.005886582576755,0.0012,normal,0.08040519677356239,0.6442434748273514,0.27535132839908616,normal,0.1465157272481516,0.47157917321976434,0.38190509953208396
2020-03-31,normal,normal,0.126844,0.0177773904707956,0.0,normal,0.07602235884138984,0.6213958025642325,0.30258183859437754,normal,0.12967169027332276,0.4611486710511549,0.4091796386755223
2020-04-30,normal,normal,0.045282,0.0046535522400839,0.0001,normal,0.06388896916120214,0.8143104624203157,0.1218005684184824,normal,0.10847769018796437,0.4540893404145559,0.4374329693974798
2020-05-31,normal,normal,0.018388,0.0063024135815097,0.0001,normal,0.06843468501207063,0.815211089128129,0.11635422585980039,stressed,0.09881227561434099,0.4482238339604122,0.45296389042524693
2020-06-30,normal,normal,0.055101,0.0149353591557943,0.0001,normal,0.06926856847306347,0.820874729100825,0.1098567024261115,normal,0.10197033785027235,0.48197388454754164,0.4160557776021861
2020-07-31,normal,normal,0.070065,-0.0080733317200578,0.0001,normal,0.06765519024979756,0.8126053357857934,0.11973947396440902,normal,0.11454757556591856,0.5076927657877124,0.377759658646369
2020-08-31,normal,normal,-0.039228,-0.0005468089491592,0.0001,normal,0.09509652556996766,0.8544653799569222,0.05043809447311006,normal,0.15017145262838882,0.5966711375203646,0.2531574098512466
2020-09-30,normal,normal,-0.027666,-0.0044652439050052,0.0001,normal,0.09366029583317707,0.8562669464079292,0.05007275775889363,normal,0.147973782717033,0.607836570345779,0.24418964693718803
2020-10-31,normal,normal,0.107546,0.0098117961378469,0.0001,normal,0.09484399859428949,0.855579697547526,0.04957630385818441,normal,0.14478865897720078,0.6221911965373345,0.23302014448546482
2020-11-30,normal,normal,0.037121,0.0013773009088511,0.0001,normal,0.09513551996885318,0.8540466971660529,0.05081778286509375,normal,0.14478487258519246,0.6308622928174017,0.2243528345974058
2020-12-31,normal,normal,-0.011137,-0.0071696724943771,0.0,normal,0.105318064816232,0.8303900372840088,0.06429189789975921,normal,0.14311853128779836,0.6467495846408081,0.2101318840713934
2021-01-31,normal,normal,0.026092,-0.0144386850648666,0.0,normal,0.12199634935169885,0.8202510096553451,0.05775264099295624,normal,0.14173628956055295,0.6551264478541017,0.2031372625853453
2021-02-28,normal,normal,0.042439,-0.012488357586581,0.0,normal,0.14649393764852445,0.7829234874517806,0.07058257489969509,normal,0.15078442315982415,0.6692462163907063,0.17996936044946973
2021-03-31,normal,normal,0.052425,0.0079001449369418,0.0,normal,0.14335111418216182,0.7904119674892321,0.06623691832860616,normal,0.15315026107377566,0.653380273638602,0.19346946528762235
2021-04-30,normal,normal,0.005487,0.0032666411974535,0.0,normal,0.13542448658791129,0.7381670322270031,0.12640848118508596,normal,0.15700432368028364,0.6389974338236892,0.20399824249602708
2021-05-31,normal,normal,0.022214,0.0070254404805709,0.0,normal,0.13393324721781727,0.7407450547687925,0.12532169801339055,normal,0.15618789968271263,0.6271564937452027,0.21665560657208469
2021-06-30,normal,normal,0.022748,0.0111826787444129,0.0,normal,0.11672883323590356,0.6611108901518677,0.22216027661222873,normal,0.15631581830790864,0.5911734042209691,0.25251077747112227
2021-07-31,normal,normal,0.02899,-0.0019033933343418,0.0,normal,0.1220387616959356,0.6528485917881413,0.22511264651592314,normal,0.15196261498420524,0.5582425602394712,0.2897948247763236
2021-08-31,normal,normal,-0.047569,-0.0086594848090659,0.0,stressed,0.19698519068596107,0.39877015075149475,0.4042446585625443,normal,0.14761003677174647,0.4389759310215258,0.41341403220672773
2021-09-30,normal,normal,0.069144,-0.0002760249016927,0.0,stressed,0.19311166722611287,0.3963532745992575,0.4105350581746297,normal,0.1445076370787549,0.4395754030460975,0.4159169598751476
2021-10-31,normal,normal,-0.008334,0.0029606534676174,0.0,normal,0.15293830781218895,0.4447721125949453,0.40228957959286576,stressed,0.14383518551157798,0.4258149635685951,0.4303498509198269
2021-11-30,normal,normal,0.043613,-0.002558043012392,0.0001,normal,0.15172487206306895,0.45255539813883455,0.3957197297980966,stressed,0.1421542952274431,0.40293310219581946,0.4549126025767374
2021-12-31,normal,stressed,-0.052585,-0.0215443667892353,0.0,normal,0.1576899934069087,0.4476059241339853,0.39470408245910615,stressed,0.13697215384536973,0.38720971717116415,0.47581812898346615
2022-01-31,stressed,stressed,-0.031361,-0.0111569172018747,0.0,stressed,0.21132644269861076,0.30138208593268473,0.4872914713687047,stressed,0.10637587947013565,0.14035222776392525,0.7532718927659391
2022-02-28,stressed,stressed,0.035773,-0.0277835071905349,0.0,stressed,0.16155412066859778,0.3626320628683483,0.4758138164630538,stressed,0.11162899932684008,0.14409487456503667,0.7442761261081233
2022-03-31,stressed,stressed,-0.087957,-0.0379483429479368,0.0,stressed,0.17261587989198188,0.35810197510447245,0.46928214500354576,stressed,0.11190283068194422,0.14175651359523192,0.7463406557228238
2022-04-30,stressed,stressed,5.3e-05,0.0064467393293328,0.0003,stressed,0.1475129664738529,0.26237111932108476,0.5901159142050623,stressed,0.10414246453009655,0.12542472712103633,0.7704328083488672
2022-05-31,stressed,stressed,-0.08392,-0.0156872800167828,0.0006,stressed,0.07002309591279904,0.213061520527409,0.7169153835597918,stressed,0.0945581596678602,0.09830835663033174,0.807133483701808
2022-06-30,stressed,normal,0.091116,0.0244340248176564,0.0008,stressed,0.06891438335416503,0.21237765271526463,0.7187079639305702,stressed,0.08718179810450673,0.08677566938714572,0.8260425325083475
2022-07-31,normal,stressed,-0.04244,-0.0282525578019314,0.0019,stressed,0.07627847353641005,0.32312323203589727,0.6005982944276925,stressed,0.22866523273653822,0.2964507251475093,0.4748840421159525
2022-08-31,stressed,stressed,-0.093396,-0.0432089367613756,0.0019,stressed,0.1584460630863778,0.1570119886642827,0.6845419482493392,stressed,0.10504671733113388,0.13061460334262306,0.764338679326243
2022-09-30,stressed,normal,0.079864,-0.0129533678756476,0.0023,stressed,0.16330786419726515,0.15900530966968426,0.6776868261330504,stressed,0.10538006601115098,0.13398276003711843,0.7606371739517306
2022-10-31,normal,normal,0.053753,0.036775633372124,0.0029,stressed,0.11795976797576317,0.2612198779949238,0.620820354029313,normal,0.23152647623208442,0.3931592773772585,0.3753142463906571
2022-11-30,normal,normal,-0.058972,-0.0045092103536912,0.0033,stressed,0.11859262045387599,0.2699640671649119,0.6114433123812121,normal,0.2354608421208491,0.39860193171270003,0.36593722616645086
2022-12-31,normal,normal,0.061753,0.0307654010045248,0.0035,stressed,0.12339278531003517,0.27152055310139317,0.6050866615885715,normal,0.23885269899199255,0.4175329888691647,0.3436143121388427
2023-01-31,normal,normal,-0.026112,-0.0258552108194114,0.0034,stressed,0.12997573266599696,0.3364285776827989,0.5335956896512041,normal,0.24113433095129178,0.44856179842649535,0.31030387062221276
2023-02-28,normal,normal,0.035052,0.0253990938964396,0.0036,stressed,0.13026849166381588,0.3565507243321693,0.5131807840040149,normal,0.33350728513084515,0.42738063656108183,0.23911207830807304
2023-03-31,normal,normal,0.014642,0.0060633068014279,0.0035,stressed,0.12983837924648356,0.35994036754858644,0.51022125320493,normal,0.34284983135233565,0.41789656571609657,0.23925360293156772
2023-04-30,normal,normal,0.002482,-0.0108896428234849,0.0036,stressed,0.13030133088827534,0.359470288433484,0.5102283806782407,normal,0.32726736539832674,0.41786927257467926,0.25486336202699406
2023-05-31,normal,normal,0.064728,-0.0035682128922533,0.004,stressed,0.10735264761237058,0.3606913538408423,0.5319559985467871,normal,0.3041039315684591,0.4164096180431794,0.27948645038836156
2023-06-30,normal,normal,0.031139,-0.000693249187225,0.0045,normal,0.12994212450276751,0.4733496073484614,0.3967082681487712,normal,0.29904933861760546,0.4049686353766561,0.2959820260057383
2023-07-31,normal,normal,-0.017716,-0.0063871014042053,0.0045,normal,0.1431033387897563,0.4470628159117389,0.4098338452985048,normal,0.29791006671123804,0.39306838411908396,0.3090215491696779
2023-08-31,normal,normal,-0.048719,-0.0254140986132512,0.0043,normal,0.12316171677285043,0.4816377107508641,0.3952005724762855,stressed,0.08180339094697982,0.3939257432063925,0.5242708658466277
2023-09-30,normal,stressed,-0.02198,-0.0157804764775052,0.0047,normal,0.12252439248144574,0.4808501720640776,0.3966254354544767,stressed,0.0805584793117096,0.3763721806352041,0.5430693400530863
2023-10-31,stressed,normal,0.089179,0.0452843259306854,0.0044,stressed,0.11510045307989274,0.1905458045281081,0.6943537423919991,stressed,0.018493079467124186,0.0627335213077885,0.9187733992250874
2023-11-30,normal,normal,0.044229,0.0382799706092811,0.0043,stressed,0.09666267022379531,0.33421261301890154,0.5691247167573033,stressed,0.04821349213059622,0.27305700936101085,0.678729498508393
2023-12-31,normal,normal,0.015896,-0.0027474560592044,0.0047,stressed,0.06503334668434084,0.3616261742594713,0.5733404790561879,stressed,0.04614072420222012,0.27485724183425664,0.6790020339635233
2024-01-31,normal,normal,0.051721,-0.0141276216802872,0.0042,stressed,0.0656530862621235,0.373525272131974,0.5608216416059025,stressed,0.05048939854613081,0.3269378876648547,0.6225727137890145
2024-02-29,normal,normal,0.031019,0.0092350395182536,0.0043,stressed,0.07146718657958344,0.36564047506681163,0.5628923383536047,stressed,0.035164705689261326,0.17364922378829678,0.7911860705224418
2024-03-31,normal,normal,-0.041615,-0.0252606946574492,0.0047,stressed,0.07250579273240544,0.37005639148184394,0.5574378157857506,stressed,0.03248309734654011,0.16241267657427477,0.8051042260791851
2024-04-30,normal,normal,0.048021,0.0169532864029382,0.0044,stressed,0.08082381334399744,0.41112426723440737,0.508051919421595,stressed,0.03292428544663025,0.16488860286350807,0.8021871116898617
2024-05-31,normal,normal,0.03467,0.009471006212115,0.0041,stressed,0.1054972739350687,0.4065300688893026,0.4879726571756285,stressed,0.032905591651211596,0.1446792758290207,0.8224151325197677
2024-06-30,normal,normal,0.011321,0.0233575418213665,0.0045,stressed,0.10315667846848013,0.40956071359379026,0.4872826079377295,stressed,0.030534856317343036,0.14023823226446586,0.8292269114181912
2024-07-31,normal,normal,0.022835,0.0143665472489153,0.0048,stressed,0.088350863088813,0.43435478170322944,0.47729435520795743,stressed,0.027811515256034768,0.1369948176059654,0.8351936671379998
2024-08-31,normal,normal,0.020197,0.0133911943024598,0.004,normal,0.035205622917226335,0.8659851999433132,0.09880917713946047,normal,0.01522682298350777,0.7658047111013381,0.21896846591515412
2024-09-30,normal,normal,-0.009897,-0.0247988415398309,0.0039,normal,0.03361050159494589,0.8918540136975096,0.07453548470754448,normal,0.011376231721584336,0.7353125234561505,0.2533112448222652
2024-10-31,normal,normal,0.057301,0.0105713909462028,0.004,normal,0.04168524140525551,0.8543656502896674,0.10394910830507699,normal,0.009772842753255432,0.7087844884749257,0.28144266877181884
