date,SPY,XLB,XLE,XLF,XLI,XLK,XLP,XLU,XLV,XLY
1998-01-31,0.012876481227023007,0.0,0.0,0.0,0.0,0.0,0.0,0.0,0.0,0.0
1998-02-28,0.06929364762267087,0.0,0.0,0.0,0.0,0.0,0.0,0.0,0.0,0.0
1998-03-31,0.048763295114787386,0.0,0.0,0.0,0.0,0.0,0.0,0.0,0.0,0.0
1998-04-30,0.012789604815563793,0.0,0.0,0.0,0.0,0.0,0.0,0.0,0.0,0.0
1998-05-31,-0.020769019023177404,0.0,0.0,0.0,0.0,0.0,0.0,0.0,0.0,0.0
1998-06-30,0.042590205910299384,0.0,0.0,0.0,0.0,0.0,0.0,0.0,0.0,0.0
1998-07-31,-0.013517125475079994,0.0,0.0,0.0,0.0,0.0,0.0,0.0,0.0,0.0
1998-08-31,-0.14117778701382988,0.0,0.0,0.0,0.0,0.0,0.0,0.0,0.0,0.0
1998-09-30,0.06361659784516971,0.0,0.0,0.0,0.0,0.0,0.0,0.0,0.0,0.0
1998-10-31,0.08107832480078381,0.0,0.0,0.0,0.0,0.0,0.0,0.0,0.0,0.0
1998-11-30,0.05567992026243629,0.0,0.0,0.0,0.0,0.0,0.0,0.0,0.0,0.0
1998-12-31,0.06540632688901238,0.05251403450174674,0.003356815135366009,0.005362075056773552,0.05503458895745239,0.018039850165370908,0.02476523453928614,0.013618672049864111,0.03870247298183527,0.02576618468594738
1999-01-31,0.035229728584098785,-0.03706320464415003,-0.06559410595634318,0.017332363829839048,-0.010815392377534594,0.15900435426368342,-0.013233329467170152,-0.024806985857754538,0.04807757455686135,0.05143543970637432
1999-02-28,-0.03206821709700636,0.015543727664610207,-0.00859544683069613,0.01572844483509539,0.009003884145940555,-0.09917425785118572,-0.010497433196804073,-0.027556935709203145,0.0011462870165002137,-0.0062565705312188635
1999-03-31,0.041511822934204856,0.017963191699222225,0.1413987029618351,0.03247805609771803,0.02096310867906981,0.07431242032839869,-0.0011787410699941603,-0.06297144778238595,0.026345237001338173,0.0486617408571175
1999-04-30,0.037974012364992094,0.24712649254075214,0.14803244580618458,0.07017520170246816,0.15037606944722515,0.005978134147982317,-0.034869429403678764,0.09660524995361852,0.0357146683869507,0.026229442428489458
1999-05-31,-0.022866881626175783,-0.09101325905549151,-0.021583918818337877,-0.06030287481579044,-0.019606436163061347,0.0033949965298947227,-0.010409718411751978,0.011746467749414347,-0.03070856797582433,-0.04526102421820877
1999-06-30,0.055374189904704885,0.05776525594441129,0.02041795889266962,0.04336834052450622,0.06135923153452816,0.09602438823735193,0.017675045616459828,0.041137585561631385,0.043912773769810176,0.06443919652834307
1999-07-31,-0.03102019118827881,-0.011419146029797322,0.018942025724788536,-0.06107888092664682,-0.03668582435736367,-0.011578709326890313,-0.03724069047395451,0.0030597503745071197,-0.029816938593975606,-0.07450195461664066
1999-08-31,-0.005177994276644782,-0.044985782838472765,0.01093400138843581,-0.044003162601813806,0.008160853777472,0.03514217792312535,0.017119857658570714,-0.04778946042863075,-0.04500200876452831,-0.03854833357287801
1999-09-30,-0.02237025502447565,-0.03141252081228407,-0.04601770370159097,-0.05228559564985913,-0.005202279151608757,-0.004150470983321886,-0.09020117586675691,0.025316067527761055,-0.01379180604556074,-0.014518575287488455
1999-10-31,0.06407826709743647,0.023728485139985267,-0.014807858088249248,0.15536972151909811,-0.021739986337969253,0.030303188097992484,0.09134543641152915,0.005246096225879127,0.050697218992761695,0.08867605462417405
1999-11-30,0.01744992664582523,-0.014166183622430162,-0.0017342761596722545,-0.04401081262327122,-0.02222090789579445,0.09816315899080785,0.0031476283233040636,-0.03288084601109931,0.011647664232222521,0.0005504393581992062
1999-12-31,0.056260395604131874,0.11820267356526726,0.007033523085494542,-0.023957547701276893,0.08416698639518616,0.1543676377208283,-0.07259958792040055,-0.015666584512589177,0.09025060761523451,0.10729378253168576
2000-01-31,-0.04936063381220501,-0.12228283458103506,0.008073462886371896,-0.029584466518228436,-0.08179602926407381,-0.061484685464607725,0.008819931427982652,-0.01776752793350822,-0.025290169695603826,-0.12424542983612918
2000-02-29,-0.01566865339922885,-0.10046749766466656,-0.04233384433175391,-0.10704712811475281,-0.05517058012871878,0.10506983257542757,-0.1170141269144972,-0.12153812221386462,-0.06538695160629804,-0.05571598880432549
2000-03-31,0.09689419622980622,0.10100384286408381,0.12455772008398891,0.18261366020283942,0.13922724204629833,0.08389314776695045,0.037626601944594995,0.10916436987147127,0.08995079668562811,0.14150681353500172
2000-04-30,-0.03512118478239423,-0.03321998241819657,-0.014924869874160973,0.009659226519568298,0.014445811796745645,-0.09184602950148935,0.05301823870309463,0.06545810438014632,-0.011716759269320032,-0.02082421359249853
2000-05-31,-0.015722291509207675,-0.031555684100292636,0.11742331712363185,0.022323089880458058,-0.004220424068848816,-0.10397822782103816,0.07132702394543178,-0.00219319294209952,-0.026801345544597788,-0.053979966523506784
2000-06-30,0.019704334907341137,-0.08555180026016196,-0.05509881584326093,-0.04832695729085257,-0.03930597489694598,0.09955872476296124,0.05664506210464104,-0.03387663712759581,0.0021168250850467363,-0.054067080781193155
2000-07-31,-0.016346852180565974,0.008751989490015877,-0.03810617660475357,0.09407830139989559,0.015470073304891141,-0.050173987516904384,-0.036534707209555206,0.015484586485578156,-0.014799840447523804,0.015872024644679072
2000-08-31,0.06604117839250967,0.022871534186450715,0.10920838538470834,0.09561272353064187,0.09902247855486657,0.0980571679101292,-0.012213466492409397,0.03896099140401765,0.03540872700113251,-0.04146531301691325
2000-09-30,-0.05480852007556991,-0.09873199433350699,0.01633046624737955,0.021790147583317543,-0.02896195439555571,-0.17943028668842198,0.04431154188376052,0.13207301988195308,-0.03627067468102463,0.0012515621772208885
2000-10-31,-0.004680338609507673,0.08864174716887097,-0.027180157366286206,-0.008621506296148329,0.022492485734074474,-0.05727695347482764,0.06941920023708126,0.058083308624728325,0.015053412512501696,-0.012557279563548018
2000-11-30,-0.07465450313249189,-0.025296959362785865,-0.05245080387291923,-0.05108824700567649,-0.03399901041748765,-0.20514809067156903,0.03450246518057565,-0.0004569714613811282,-0.09110182207276918,-0.024795758076433527
2000-12-31,-0.005153304199119968,0.14803824913403485,0.10206344459088235,0.08535316828121808,0.039575855152302664,-0.0989202133642344,0.03641580595091831,-0.013570394467534275,0.01848213610759397,0.07055563598359105
2001-01-31,0.044459997936589835,-0.026696277583201034,-0.031864127075900694,-0.0023739579037422853,0.003840803894399336,0.19121598914879456,-0.07290907379127731,-0.05627170278018023,0.07229275938931634,0.11628537050205656
2001-02-28,-0.09538817735288951,0.012949688907553991,-0.012137912401010142,-0.0672777554415891,-0.059930284569131076,-0.24906096665700406,0.00604197971552578,0.020753061421993957,-0.019165531873655328,-0.0714019671017756
2001-03-31,-0.05598883200720539,-0.050039728936500216,-0.029797103245817413,-0.02990367174078501,-0.09569369829292296,-0.11460527739773096,-0.06930530753755626,-0.014286942235901434,-0.0640258626562944,-0.014533269795739212
2001-04-30,0.07044345919173645,0.1066615582364554,0.10325751943964279,0.03617097919172951,0.11432724091551427,0.16169142856979324,0.019417557409290076,0.04825637315642273,0.07382576650420458,0.04637729492695497
2001-05-31,0.008326321196019615,0.03846107919712294,-0.009448119591652149,0.04400209001099342,0.04185099300293604,-0.04095687262740133,0.01468266066893964,0.007011588272359814,0.03819276161502372,0.02381020663104838
2001-06-30,-0.023832857641762795,-0.034501095188645636,-0.09116189128608898,-0.007174324527700393,-0.061782292602695965,0.01954324333184898,-0.04624486962145413,-0.05021585732537537,-0.011298105363107602,-0.007862543455334214
2001-07-31,-0.0101951050716248,-0.002718898459800667,-0.011529993877731792,-0.009508044973125296,-0.0020751284094705502,-0.06922260650834877,0.030442109522303973,-0.00898944706503546,-0.0199654273997929,0.04445113500345421
2001-08-31,-0.05933188872051154,-0.004091016111529844,-0.042332910865467865,-0.06611958889231584,-0.034326534708537304,-0.12204554644005905,0.004790965283037352,-0.03563309770984269,-0.050760622690526946,-0.08754418725395219
2001-09-30,-0.08159474363645602,-0.11838271335062589,-0.09621903677675447,-0.056285446633095204,-0.14653324830819092,-0.16377107389565304,-0.0010970508950119973,-0.009323158573299128,-0.14478921990304894,-0.12631014067774782
2001-10-31,0.013022260340015634,0.027084080902471053,0.04027634941125702,-0.014179379779421963,0.017746755641827816,0.10908979240145511,-0.006384833314499572,-0.0526321453635632,0.00510760404381938,0.052676856750432766
2001-11-30,0.07797562534056857,0.12677601381792258,-0.05584598504444416,0.06494145412318963,0.10004205295521262,0.14941275755688133,0.04417631075989559,-0.012626013118780088,0.11600473113598753,0.1331664352894697
2001-12-31,0.005616856381607027,-0.029922385988629396,0.05713389370150046,0.019528422097984777,0.04924773914773528,-0.022005329246136074,-0.019662936056439984,0.03209456436487179,0.02420684046454724,0.04541921412730909
2002-01-31,-0.009799863214339344,0.023343241107597557,-0.035581164368136964,-0.011408997886297456,-0.06317605133948379,-0.010833232626611955,-0.0066933069761367925,-0.03603459736663717,-0.007421693641459837,0.032867406335050475
2002-02-28,-0.01793560589129295,0.05292113784707375,0.034176216539441695,-0.01730867037852446,0.02504730154548196,-0.1299073047913114,0.0210067021015099,-0.0018505390735964466,0.04598273432316802,0.005417641097434034
2002-03-31,0.03324239545332164,0.030724627422385575,0.08849263554359821,0.06606945406626985,0.027033258561469875,0.04909132545452133,0.016060357095528666,0.05324151304667901,0.05798817261527933,0.012695013618561513
2002-04-30,-0.058155189553072195,-0.04723762478774096,-0.03600042371719803,-0.02541510394026192,-0.06901560110629357,-0.12090615921863068,-0.03716601381544815,-0.06068019792963508,-0.0060835363413085375,-0.02796394517625167
2002-05-31,-0.005934262055639072,0.049578781614115774,-0.01759384102560113,-0.0030242853109949674,0.004340774702774164,-0.04146963145484528,-0.011141572016978407,-0.008309433484007367,0.013940766543312222,-0.005139805064428904
2002-06-30,-0.07375203395599683,-0.016989703505802867,-0.03659725377703438,-0.042740709090443696,-0.06128553335553777,-0.13362519774234638,-0.10181928816334274,-0.06729524640479234,-0.07154104221973179,-0.0526566704017184
2002-07-31,-0.07882114615228031,-0.11341274578842864,-0.13854961444893688,-0.08313574905694288,-0.05660214591187862,-0.09481898939461908,-0.04269447026430495,-0.14721742688620398,-0.02890002885748688,-0.11940316064119216
2002-08-31,0.006802153193463667,-0.005351172457018327,0.015064354100092325,0.018654800733742816,-0.015554999471914854,-0.008380119963693478,0.007982040567462212,0.03965036350208573,0.009670976997620873,0.03017526117959446
2002-09-30,-0.10485311496320904,-0.12990401328488843,-0.07137201263500592,-0.11489724878460672,-0.11540768059555662,-0.16690164054750956,-0.07228190799371315,-0.120781035150614,-0.061961694341061024,-0.08915874834962179
2002-10-31,0.08228635635656656,0.057095554674504,0.018429912662313974,0.091435445087098,0.049182747920523795,0.24767380386749083,0.03890874591560367,-0.023029685557148127,0.05831447838201864,0.06749083024536406
2002-11-30,0.06168058166453849,0.12031844609887532,0.04130071238387356,0.03723370761116929,0.05224568476840252,0.15853796552462862,-0.027723418914521014,0.029055734102971575,0.030899170910148488,0.046281399321006056
2002-12-31,-0.056638742768168604,-0.04592041085364773,0.00010541443530276418,-0.054291133854251994,-0.03935944988013451,-0.1322056896447089,0.0027451577248338577,0.03229441486908913,-0.037619082058705566,-0.08524204853689399
2003-01-31,-0.02459375268276276,-0.049898150840369415,-0.025080964000443684,-0.012724892972564295,-0.0539114394559318,-0.023649244912350653,-0.034102728757040124,-0.023498359991536155,-0.0033894851718928587,-0.03331800092279302
2003-02-28,-0.01347936628066504,-0.026528618917756375,0.02939775030094194,-0.03085027324560974,-0.015397843219243201,0.004844497657003677,-0.030634955581617995,-0.05347425380261073,-0.02229535633372559,-0.004475731588010179
2003-03-31,0.0020603421018605683,0.005997587719221986,0.0012993543818753395,-0.009441827434201078,0.010510957835995649,-0.015150908440447308,-1.0654484396743769e-05,0.05045881672539876,0.035565129037003596,0.023467074081206185
2003-04-30,0.08460816703451535,0.09031428135600561,-0.008512068023545538,0.1257231866628019,0.1082314555844397,0.09160403986647969,0.029618570921041032,0.08641224427436933,0.0329354909091355,0.11702556004857834
2003-05-31,0.05483640819519264,0.030937232070369358,0.10619128929892474,0.05091939084181152,0.027102056013571962,0.08584300700298186,0.04916111957459335,0.10105247870270384,0.02065112861883267,0.05317031571493547
2003-06-30,0.01066256576722835,0.00903916898606516,-0.01281817753512926,0.004226783592335082,0.020870491499182853,0.007077773443843638,0.009530934969455007,0.013624695277894228,0.04413607991208357,0.014502264110435537
2003-07-31,0.01802781217572358,0.07863072679781569,-0.03534401721898739,0.04358437865377751,0.03305185762405127,0.031049023871219106,-0.0014888795619319994,-0.06690635262603706,-0.015002066503213896,0.01845688694740466
2003-08-31,0.0206273489098161,0.02772687875566926,0.06379301821493022,-0.011710306545755667,0.03891214202018234,0.04772719694245664,0.016890787029882892,0.01986548218020867,-0.03703678914374664,0.05110786307809345
2003-09-30,-0.01088792766807234,-0.045083851807799835,-0.020679956129356802,0.008871996161636586,-0.027327142749334232,-0.008677453436216176,-0.003917469831985487,0.04968428974925998,0.0026459104133518263,-0.047707439756240366
2003-10-31,0.05352536027052568,0.09528176767477148,0.00956252582937478,0.06926597628107523,0.061831054318032486,0.07330423151794485,0.04527707982745399,0.006846975295219604,0.006832671096400844,0.0910068067592138
2003-11-30,0.010920049215972227,0.02258279814474884,0.00782579689537588,-0.0036808899429645603,0.019813655090684446,0.014270249116931977,0.01177123154991655,0.0022699923935138866,0.021429071469268868,0.00897599771757096
2003-12-31,0.05032195208609247,0.09802482954639147,0.13094189147000046,0.04535509560185247,0.06627938396399036,0.03138148889655401,0.01779416925192656,0.06548464296487988,0.05785858258775045,0.04004375269293048
2004-01-31,0.01976953410322868,-0.044212167593434826,0.02250403214931218,0.032705849581084134,0.01008873433580515,0.04269040998591622,1.5513547246825965e-07,0.020573105073875997,0.02752943385984752,-0.005713916266432695
2004-02-29,0.013571576175295252,0.052133792664095235,0.05253772146476576,0.02857199685402212,-0.007397442299868828,-0.02541219174324172,0.05693379681258359,0.01889883720593044,0.010652508207665834,0.021720200968193826
2004-03-31,-0.01319941466448371,-0.02305741366649161,-0.006177378879536621,-0.011559880736737194,-0.01219248225433367,-0.026557193911631805,-0.0024908241037464585,0.01072416232059381,-0.04165816648331089,-0.006169193986276911
2004-04-30,-0.018921264394562987,-0.04630871398910774,0.01704237596442093,-0.0435362056476426,-0.00037745688297596836,-0.038192238444964666,0.013112115365149002,-0.042766530406648684,0.03106908952366072,-0.011338708750696425
2004-05-31,0.017123407887989606,0.02809045310260272,-0.0030174555652799917,0.017068451693005526,0.024621899984043738,0.03919652915191785,-0.0056059362196450024,0.012028741998373338,-0.0032438997876292897,0.00636899938578428
2004-06-30,0.01849296579117299,0.05012168390077543,0.06234631745445518,0.004399792199997865,0.06170760784210616,0.027292887809396094,0.005478100351590243,0.017277424513168826,-0.0037341221924199752,0.0025895053041853355
2004-07-31,-0.03221814563349512,-0.02277916829557669,0.030812827955596367,-0.021343562699890684,-0.02791593403064141,-0.060868605862537395,-0.04937206587235998,0.015150098070562779,-0.05366844370094681,-0.03793866651358557
2004-08-31,0.0024366715595156574,0.016811359029207606,-0.015409635122171528,0.03253636436567997,0.0007205652793058626,-0.044238267540921306,0.017767066001658227,0.04062975699311511,0.01625143531655482,-0.001972150103928705
2004-09-30,0.010019218058449075,0.040189867280428615,0.09756015083769998,-0.009201025559551712,0.02144367317662299,0.029064268397261506,-0.02635906081724848,0.006300363752633764,-0.017504033654225704,0.028830862830724113
2004-10-31,0.012883196733117552,-0.009437108821806373,0.00601182063687844,0.005272602922798075,0.010218669984198181,0.04393355819012812,0.006462325298483895,0.048701958991190786,-0.02222960891379644,0.04038575728142102
2004-11-30,0.044510291192330964,0.08134826677029117,0.06744650526409446,0.03110676033651627,0.06278400825191577,0.051102452773057916,0.024772559122915094,0.04453974220141621,0.019536881145330698,0.041895796040380295
2004-12-31,0.030156234875878596,0.013379237193027693,-0.028209178745151164,0.041374741652626223,0.024847613801197488,0.026247342612619295,0.03743442582288092,0.024617244049925713,0.05521289744543423,0.046728711403523304
2005-01-31,-0.022420270294657096,-0.0306090635387386,0.03386507872564182,-0.021615786694024863,-0.028001960356856537,-0.05637137724962893,0.011700891591640117,0.021185942952951953,-0.03113646554358651,-0.04278691829029235
2005-02-28,0.020904296621276686,0.07876306566610403,0.16777710849936267,-0.00669599997011272,0.011589532115193979,0.0015068373958488923,-0.001283430501713978,0.021448560360022517,0.03008474652491766,-0.0053280766541879965
2005-03-31,-0.018280445916324273,-0.026571170129515265,-0.01912511178382259,-0.03803015380546393,-0.0004505382201208663,-0.019549636189074016,-0.008767876583965495,0.011070816993663302,-0.005589016792892365,-0.01167536112111145
2005-04-30,-0.01873432695006827,-0.07128524224881261,-0.05411819499195736,0.0017623975444223117,-0.03647749408161238,-0.0352760765842246,-0.01042511434936988,0.030877189243973646,0.034828318374323874,-0.06362900018327433
2005-05-31,0.032226702146880504,-0.00642854574671714,0.027869185040393152,0.029536807997950332,0.03171967137518483,0.06942163642452326,0.02326667845460073,-0.0006651980253802314,0.012623260769694555,0.06183640036591487
2005-06-30,0.0014990091546678297,-0.020027902797726815,0.06973033712146948,0.012452889500906839,-0.026371565944714348,-0.012886019098134582,-0.019323394496497115,0.0594365006772819,-0.005300070023420034,-0.0043139728278197564
2005-07-31,0.03825986441779872,0.05526875524936714,0.07086539383672186,0.015610557195411046,0.03812236899094423,0.05672520540167003,0.03208784857343727,0.022496334436007848,0.02255779935012403,0.05674293901446892
2005-08-31,-0.00937488346373938,-0.041898546203150144,0.06386607388037269,-0.0163734985289814,-0.023607466307359437,-0.009499928801352309,-0.017461715334578853,0.0065055591727969375,-0.0034657117018949135,-0.03290968065973021
2005-09-30,0.007992660735008483,0.007657494373702889,0.06282701803536672,0.008487817874132109,0.01672695570193472,0.0023978991749886713,0.014107125485496974,0.042211118021952876,-0.005577326723232856,-0.028415697204899226
2005-10-31,-0.02364858552943916,0.002182104515557004,-0.09036689276571674,0.03048529687675461,-0.014256559632891852,-0.022968549034302566,-0.00472607662590907,-0.06398628206037937,-0.03062175492221819,-0.020315824762269896
2005-11-30,0.04395288816497267,0.07656184115329823,0.014952670123550504,0.04766553314685984,0.05818884783964018,0.06317463775449816,0.009063889062365993,-0.001591140894823484,0.012174189313721495,0.039899693815234505
2005-12-31,-0.001898206085023113,0.028638457884074375,0.01805797894701522,0.00018822126760809077,0.00472647504472512,-0.03069816258234026,0.0011899039792853117,0.008600141905390712,0.03457864118489207,-0.008538330510901249
2006-01-31,0.024013331026890405,0.04821812426380245,0.14609710403401222,0.008839538568831351,0.0028641357512901866,0.03349304070190451,0.001717510703730385,0.02420905881992108,0.012926271294127156,0.017761701002062757
2006-02-28,0.005722522594832746,-0.02142521126534147,-0.092266087508591,0.021282324837026634,0.031100732432381095,0.0023113304854300853,0.008572240124447905,0.01306632699266741,0.01151696896735177,0.007221866051312142
2006-03-31,0.01650327662797202,0.046647893717586264,0.04248369133174568,0.0028818960871173083,0.04421449269961841,0.022630779296046954,0.008256644302899074,-0.046286143662899515,-0.012795081762133731,0.0058777182883607
2006-04-30,0.012632254548750499,0.0355500285576853,0.050368633940299334,0.0433185621500245,0.021597635267190274,-0.013097878932462725,0.009745873406633132,0.015891909009538407,-0.03095776533078154,0.01277648998405545
2006-05-31,-0.030120282642064233,-0.0402997397928635,-0.027825918993030108,-0.037691218252489334,-0.017086928326121464,-0.06498949419563327,0.0020974516049883096,0.016282524723303604,-0.02097375369504595,-0.016718230451731264
2006-06-30,0.00224807079599576,0.005183860587093747,0.02540185805292028,-0.004599577541723687,-0.0012787903951383406,-0.004895522845108857,0.01838358328238554,0.02296109602615992,0.0003462649872296719,-0.001752696214584848
2006-07-31,0.004874591696895081,-0.03738200016057125,0.033481305146585205,0.02288385969549922,-0.05678904923501649,-0.026072265255543958,0.015709551508543917,0.04800588984434362,0.054562696284627066,-0.03324372870738068
2006-08-31,0.021821923780759533,0.030098027008129913,-0.0508101673819068,0.011789425259685071,0.011288188799531529,0.07020148793413328,0.03866499721048289,0.027482034863903326,0.028535074384238523,0.01982515210774327
2006-09-30,0.026994329826931063,-0.00013297317927041252,-0.03660887710667593,0.040229937715578146,0.0381495714751765,0.04030860308010631,-0.0004927076637198935,-0.014537524044696548,0.015349286431530329,0.06370120978695049
2006-10-31,0.03151948498442225,0.06004930177449963,0.04265598052594366,0.023396241885099478,0.028195219306158315,0.04045402722091285,0.017730303845129525,0.052954202080946144,0.003311453667176778,0.06466257548603682
2006-11-30,0.01988454064372891,0.04353034985582438,0.08576948295677567,0.007059570294462469,0.024503047861109906,0.027520598325636803,-0.008517243765736704,0.026543838967499678,-0.0012016510241238398,0.0126307955295204
2006-12-31,0.013366526884429186,0.00535934892982981,-0.028152271460548328,0.03761312490759683,0.004888026747129404,-0.005390181876209987,0.025071272499732622,0.008555936718595891,0.010445431832751817,0.02169735976266285
2007-01-31,0.01503939917931918,0.04136738512079874,-0.009209010709681387,0.009254561624859381,0.020852979888479783,0.02020557913997023,0.02029025656003003,-0.003541858897486483,0.03045723282547086,0.028677477547261798
2007-02-28,-0.0196177490563183,0.03310522577556774,-0.020486592685340366,-0.03047445752784317,-0.008953136484078805,-0.028656092882942574,-0.013134652251239998,0.05083527539674426,-0.024049611310130725,-0.03117084261451919
2007-03-31,0.01160222829573132,0.017325052029430354,0.06291277170726017,-0.004711217399103962,0.0058205459456048825,0.011713849504273455,0.01835188551373146,0.03811703345615891,0.0028531436824403844,-0.003413274301754421
2007-04-30,0.04429529975052593,0.014980208038230858,0.05125934539545374,0.03873312130569917,0.04641471262846708,0.04717174713840144,0.02814343881031789,0.04911837870993696,0.07310717300618386,0.023666285517622176
2007-05-31,0.03392154461662944,0.05904001719589269,0.07779904664865356,0.02404597265659425,0.05188344341333395,0.05036704449149476,0.013501951971751414,0.004560792708839578,0.01717058465319088,0.030055312496202413
2007-06-30,-0.01464743970329696,-0.005361137634631863,0.012995064103510812,-0.040185808036458326,0.00026285169224649074,-0.0012642958130266724,-0.019933629470469283,-0.04757121556248434,-0.03350932719316024,-0.017473208413248065
2007-07-31,-0.031309451844597436,-0.026666352924133663,0.00014240056643943788,-0.09065701907421575,0.009478477872629343,-0.001954193229417478,-0.02846737243947217,-0.03992187623588428,-0.047576458302375446,-0.05924199403981956
2007-08-31,0.012832711015686726,-0.006846183549953033,0.012030424511828786,0.02583636074367268,0.0002541774930888696,0.01917658169652392,0.02358996565185434,0.015791581148052902,0.02289547882371057,0.006217023078521899
2007-09-30,0.03870038569158596,0.08052865913818485,0.07396980251969731,0.024396264501575615,0.04734655398692422,0.037750354836712186,0.04593247824134572,0.03836222251332444,0.031173553168096113,-0.008788877979586274
2007-10-31,0.013567001656187738,0.041559872448905466,0.025400423706342767,-0.017192334125410436,-0.012902424655426015,0.053020125549276376,0.01536829582707977,0.06658167111308377,0.018672011210474793,-0.00488723343951758
2007-11-30,-0.03873341569142086,-0.05038752521502643,-0.04211367335518856,-0.08093657520536202,-0.02835868136092934,-0.07535339413186659,0.02745467965113435,0.006595750083728591,0.012774788128297798,-0.054569460852987084
2007-12-31,-0.011331921018249758,0.010531178762809956,0.08274280818419677,-0.05844233414436195,-0.0014115300084135418,0.01983894668128494,-0.008409379760740743,-0.0018230144051845087,-0.02828854473818143,-0.04954909343051561
2008-01-31,-0.060461923500401804,-0.04196641250680422,-0.12287321604218837,0.007257068100636754,-0.055157257811067395,-0.12790803572030596,-0.05555630321232452,-0.0734719662746871,-0.04559733120018272,-0.0036677788751354745
2008-02-29,-0.025842361815807235,0.0230275602611969,0.09267108764973186,-0.1135907829547208,-0.020270158115699433,-0.047314306484180446,-0.002574016466357465,-0.041048044711665566,-0.02670465576999892,-0.03867357767782731
2008-03-31,-0.009030849020296716,-0.014045916528861113,-0.023375836599935362,-0.02992024338542376,0.03624226086066629,0.011535320157651796,0.03235072627144153,0.01607354149134399,-0.04543925383461511,-0.017913424081560714
2008-04-30,0.04766182799988994,0.05327195898704784,0.10383538644951606,0.06996514724810421,0.029411007578931114,0.06249925083635377,-0.007536351417444798,0.051135134510504665,0.009941158239954895,0.023766213552370408
2008-05-31,0.015117315621159033,0.0519963519236617,0.05198762824369996,-0.06952066320659056,0.008833545931138165,0.06512764339323418,0.030380310222624107,0.03585828154717863,0.019061808652170775,0.02734452995339831
2008-06-30,-0.08349867608008377,-0.05807134530032565,0.03157957990280802,-0.17438048792044603,-0.12017651706431765,-0.09364195380222695,-0.05694580867346688,-0.007373995456866567,-0.0422344647140096,-0.11525395511893621
2008-07-31,-0.008985647130493435,-0.03235202131377979,-0.15913114914412263,0.06761952417131822,0.007938709141162015,-0.024443987104224796,0.024299219823814777,-0.06437357893411311,0.04480329112882053,0.0017559693098234685
2008-08-31,0.0154530228569969,-0.015602250958809405,0.003361789205307053,-0.009708401807973832,0.027422957297511985,0.017897642722564333,0.02700545446850655,-0.011028204730366808,0.0206563480302826,0.06905125440661397
2008-09-30,-0.09437128151875673,-0.15508241742512363,-0.14948473217820357,-0.06356135483336522,-0.12083952716711466,-0.12451180833316611,-0.012495909212162593,-0.11006036238610573,-0.07434445716434068,-0.08207931348015318
2008-10-31,-0.16518599870696848,-0.2239522601117443,-0.18799617573947314,-0.21920436680716793,-0.18246734370171558,-0.16120933438179674,-0.12608881338889422,-0.13000419060617407,-0.11480912377367225,-0.1763444254259171
2008-11-30,-0.06960591924497994,-0.10686736666344043,-0.02178955843838648,-0.1848054833497772,-0.08220871628201143,-0.08408487530148756,-0.002073276573079985,0.04185397813763103,-0.0631579896559229,-0.10835547091299502
2008-12-31,0.009835517551807893,-0.00552313252927783,-0.044987740822377775,0.0037058627630379704,0.02317435024156822,0.01582244845550096,0.00022762875616577638,-0.024079849584267676,0.07185678625628733,0.06075598330910892
2009-01-31,-0.08211545642346774,-0.0738800496348041,-0.017794226696445925,-0.2619815324329605,-0.11998249663414873,-0.04737148884935993,-0.0720583357228759,-0.0017226058566160996,-0.012051974759823114,-0.10616361196233304
2009-02-28,-0.10744849507885224,-0.08024671880576473,-0.12331827345217505,-0.17748873173307622,-0.17030601555951108,-0.03814621685223829,-0.08081284881023953,-0.12526111229957038,-0.12390472081809856,-0.09076823640685572
2009-03-31,0.08348328872585409,0.15369274178123082,0.037750951109942754,0.1714899047704863,0.08847283817106644,0.11191021501723841,0.04253248997367076,0.01909384819491633,0.06006569686658492,0.12712706296012
2009-04-30,0.09934702095516412,0.15578576679822942,0.07819256207504743,0.2179363810893593,0.18068430279769543,0.10435359708479197,0.04265262402650172,0.01174133129906707,-0.001240441266827541,0.1852426967400318
2009-05-31,0.05845355135957009,0.05843330286498927,0.12887995572626854,0.1397948312249908,0.03354614578591231,0.02318822847244384,0.05091025899024548,0.03559091421968641,0.06824033564802057,-0.007298379520025988
2009-06-30,-0.0006743335653263127,-0.04536006725095387,-0.06544855044548847,-0.01797750443265478,-0.017034936749805052,0.036319357454273504,0.002066915145404691,0.05385777014403881,0.023645788479981,0.002479547270432647
2009-07-31,0.07460773168418044,0.12868392904860126,0.05348655122982571,0.08870147049044008,0.08742928147139883,0.08182196604038294,0.06655050893498049,0.03764834625841673,0.05929291956249827,0.0948866759287641
2009-08-31,0.0369413475088165,0.023697806995867543,0.010864069336920412,0.12990117166330162,0.047738637104705495,0.016242242901650883,0.012234675807716755,0.010022028199676347,0.02691077138948339,0.03521882020675271
2009-09-30,0.03545638459709921,0.042209013517534144,0.05844570145805705,0.019480335688785155,0.058365495140285883,0.04628468648779016,0.03299879468392941,0.0137436888726159,0.00617870892512884,0.0534875567335753
2009-10-31,-0.019223136725040835,-0.05171484710130314,0.02466660284065325,-0.05957173713108288,-0.039863512794263256,-0.012458883172159707,0.014531269289145499,-0.03204982952368274,-0.02092747103637993,-0.023664427139425737
2009-11-30,0.061607851113000045,0.10770413589276084,0.02841635342287141,0.043416889251176816,0.08777963385049503,0.05531523185971454,0.03677944348398299,0.04825792493453074,0.09298188395135809,0.06711456203556732
2009-12-31,0.019073321472014015,0.020693522845467216,0.008784051796879577,-0.01412310015059759,0.016726085754780406,0.05800540389674769,-0.002209951833004209,0.05460811167229962,0.018288815020792715,0.045828228494267265
2010-01-31,-0.036341864684318104,-0.08639142055281912,-0.04402791874029133,-0.015279301122526179,-0.014753322400132829,-0.08595582434103177,-0.010199457718002902,-0.04803357644584283,0.006761763812304977,-0.028888796325805655
2010-02-28,0.031194596622074133,0.04512480174584077,0.030091788604241998,0.03526078724917148,0.053324418226829984,0.034879646137620623,0.03167967094750135,-0.013209335976918979,0.0038368510977984105,0.05569071864258812
2010-03-31,0.060906333537198654,0.07918407418864093,0.02821914739490694,0.08903094468578088,0.08695763549439195,0.06842262844901015,0.03769450420192122,0.026900078660653692,0.026674181701950905,0.07808356135696082
2010-04-30,0.01549212546077916,0.002062894700490814,0.041549708738495506,0.013101941568653075,0.04257505772689907,0.012511445879043404,-0.01074169057455987,0.026298683992002525,-0.03890514129053868,0.06029545921753732
2010-05-31,-0.0794815157656168,-0.09532302935797188,-0.11450506866175247,-0.09152854205080574,-0.09118923086643305,-0.07478012680010893,-0.04632557143037641,-0.05519195296308044,-0.06509190578482926,-0.07036203192861845
2010-06-30,-0.0517346650591165,-0.07333875450689509,-0.05928806223606087,-0.05732620696490831,-0.06876922805996477,-0.05396850813176779,-0.025283854047977505,-0.007042402088555222,-0.018210004956424775,-0.09717213392467627
2010-07-31,0.06829987658607517,0.1283050534937087,0.08373624829517334,0.06516925761355208,0.10426441504598327,0.07450811057849505,0.05804020706585322,0.07466387042067946,0.013119770980554835,0.07929764667102313
2010-08-31,-0.04498125981957579,-0.030302902797376907,-0.0490324979640121,-0.0785520769021465,-0.06933250081030917,-0.056113093362130884,-0.018531908616222004,0.014488282842850975,-0.01645139698566145,-0.039758557997997324
2010-09-30,0.08955498864407563,0.07755311483351623,0.09998508889332003,0.060696670394843055,0.11521835492826749,0.11660287721966744,0.06041610329819491,0.028970615120113896,0.09063428463610923,0.11020233676813418
2010-10-31,0.03820112155468336,0.06162563002329868,0.05672511547448589,0.014952708148936011,0.02877172811426898,0.057775174431239584,0.03192267641500934,0.01083532020056932,0.022303474521206068,0.05537176501913876
2010-11-30,2.3219238559413213e-05,0.011205654913541085,0.05857622659651418,-0.006796233886924963,0.013360749403498628,-0.01642567947999607,-0.015640965555405173,-0.030267122510225453,-0.02887246581734426,0.02524177255113491
2010-12-31,0.06682361503452205,0.1003108271582045,0.09318171955047672,0.10703723895337114,0.07479753087782548,0.05554698193175045,0.043963973209731666,0.030973827349740635,0.046033403507022674,0.0409400530827313
2011-01-31,0.02330138338777532,0.0007805335699200278,0.07179762323864547,0.028216653070406217,0.03928929364899414,0.031759315413954825,-0.01466964243232094,0.012127296198610527,0.005714799386117075,-0.006148489406043511
2011-02-28,0.03473781006771559,0.026531892671104007,0.07368457167805187,0.027440109138302526,0.02124777030285463,0.021932135776413286,0.029085370752288453,0.012296668477796535,0.031217961832180174,0.05997503042420149
2011-03-31,0.00010675773869306404,0.017513904647660006,0.01883787899120204,-0.024794977658023187,0.02214302031565296,-0.015436019945729296,0.012412190722433714,0.0022487875079881814,0.018097089508881004,-0.005814034881541308
2011-04-30,0.02896107387953517,0.021239193854462934,0.009141100282568093,-0.0006097033937727536,0.027479978716988374,0.025997108059877982,0.05347666289749631,0.04047553307194285,0.06433142397770686,0.038413112323125054
2011-05-31,-0.011212801890700286,-0.027404152646939628,-0.041862518725512055,-0.03296598428880193,-0.02765019343776909,-0.010472299372831673,0.02506384738475642,0.021413686968574375,0.02468993208828496,-0.0027124532819692293
2011-06-30,-0.016888076825992804,-0.004009298676754036,-0.019219125070535026,-0.02749154899358852,-0.005475717843164141,-0.02482048770148282,-0.026693187567077503,-0.0014938019428805127,-0.011255796089188363,-0.002191807129284906
2011-07-31,-0.020002919978263867,-0.03454452224749871,0.014597626113599826,-0.036155366103422515,-0.06874307435375282,0.004281084436572824,-0.012809461955480494,-0.009259364650640034,-0.03968431781189519,-0.013927338760934438
2011-08-31,-0.05497651641888701,-0.07024543552343987,-0.1021588919626294,-0.09564092997161333,-0.06574388967327938,-0.05307769070373081,0.001946631638059193,0.021704410343527547,-0.021105743973169222,-0.052458891327240464
2011-09-30,-0.06944871560001886,-0.16494349514070283,-0.1442213000024707,-0.11389950007615368,-0.09312879912313254,-0.03075548996114985,-0.032992144295827974,0.002054526436842785,-0.04489915593252913,-0.06899484883494178
2011-10-31,0.10914601038943372,0.17356210671491024,0.19142161529690038,0.14267664220487863,0.14373829547772088,0.1021181972278371,0.046526074134739526,0.03658506083561197,0.05767520086500477,0.11933343688073617
2011-11-30,-0.004063336554621433,0.002032025548261096,0.016638114834247597,-0.050761978332822366,0.014062696886188997,-0.014995338225181842,0.02770612831391084,0.010332692364211304,0.009537873706932265,-0.00717668735603294
2011-12-31,0.010438174381847132,-0.022831925046113866,-0.02046031895413203,0.02134163722390725,0.002499038124571751,-0.0022903982543789336,0.027728379225200772,0.0333507230995449,0.02968116109142338,0.013061715236895033
2012-01-31,0.04637101869321203,0.10984996630045618,0.022564660241015222,0.08115492092841792,0.07318449433787522,0.06208111900733093,-0.014157836384453448,-0.03613130724243652,0.031997952016552755,0.05894464869874683
2012-02-29,0.043405805883736326,-0.005649566459154709,0.059274760559524076,0.0501583762358806,0.027886520462421682,0.07084733555029787,0.03746369279975337,0.006057207009291687,0.010615858670713685,0.04525387071192788
2012-03-31,0.03215562275699235,0.0038066920246693225,-0.03815515700398142,0.07351170938258456,0.009649410980096196,0.04533420562719548,0.031016408347968927,0.013740293191748076,0.04478733035768645,0.04721624182343498
2012-04-30,-0.0066756046463912755,-0.00811596604254694,-0.007110219805376072,-0.02310898326086852,-0.010823770041430758,-0.01127364122361385,0.0029334598030448245,0.017549642008448663,-0.0026594399904613653,0.011533156691564628
2012-05-31,-0.060055548353570964,-0.07771962563276646,-0.10682085341235725,-0.09202947206125245,-0.06322776447870515,-0.06338178735711897,-0.01170112994572503,0.0056081660953941626,-0.03625868735577564,-0.05503199115014912
2012-06-30,0.04056564619988112,0.04906284071386713,0.0480105888974669,0.049550134925612666,0.033661909086334374,0.03239956637783781,0.03636959011993812,0.04107762895251188,0.056950141932674114,0.01932862076077302
2012-07-31,0.011792777397597431,-0.012752352963521507,0.0494196384602692,0.0017087436059963768,0.003922884925607217,0.01862416247192078,0.024733398315762933,0.025142673954064332,0.01012933813085315,-0.005482436782134337
2012-08-31,0.02505353265951915,0.02325151866523356,0.026992326232410768,0.03410870795979326,0.015359459094068884,0.04203740332705119,-0.004775044765598313,-0.04140247958533172,0.011721162513791183,0.04616299582759331
2012-09-30,0.02535681495541864,0.03769275880631984,0.031219454325343676,0.032659183918397394,0.011186034839381298,0.015158241907845094,0.017454691446394,0.011694585514921085,0.038057621563878596,0.03080486898074586
2012-10-31,-0.018197281006052002,-0.020919053344069183,-0.020357819301781932,0.019840055424487968,-0.0011107968690852177,-0.06340577451917206,-0.012141411683298298,0.013884079653720072,-0.0022724100725056706,-0.015350635836172799
2012-11-30,0.005693210194176013,0.01858892872527451,-0.012234096819332518,-0.008760564096176093,0.017553314936966657,0.008987909822041118,0.01836624268761522,-0.04269259682744653,0.005272578941187378,0.03165269275500626
2012-12-31,0.00896384323835786,0.03199857738869949,0.010240704475320106,0.046578534753231704,0.028275811345531476,-0.0038797909564181055,-0.02068202943154407,-0.00010375259678396809,-0.003539402406973702,0.004534897965036144
2013-01-31,0.05118810919586547,0.03942458077962119,0.08303052163427216,0.060402928425899116,0.05751797649829449,0.01906667150084851,0.05644568500752456,0.047523130408515746,0.07596488230562315,0.05672315815291551
2013-02-28,0.012758136088667271,-0.013584127319824724,0.004395363538638453,0.01208255307909667,0.022205145238343382,0.007824139233205685,0.03309001978171122,0.02323629224418311,0.012585054436682785,0.015958897231416413
2013-03-31,0.03797614562963347,0.02211771992948841,0.02543216593190234,0.03866691948945844,0.023698640107181035,0.02580584291318111,0.049285930370423614,0.05362750321868881,0.06349099448778772,0.04376760473727059
2013-04-30,0.01921262639733179,0.009441701273360081,-0.013112397889784355,0.026964054797873338,-0.007423921887511509,0.017508829990604546,0.029419384821068872,0.05959028291646162,0.02871373869246785,0.03037735406633124
2013-05-31,0.02357691260035155,0.018961667622145795,0.028490517023396444,0.06096901799058241,0.050179272339904823,0.027921947471618802,-0.02173984969085241,-0.09051420257070586,0.016478663118932202,0.02764894729611278
2013-06-30,-0.01332993140879657,-0.04120689561827773,-0.022671699270645385,-0.015959114963295384,-0.015446631982389603,-0.029057247663661245,-0.003112737236460439,0.008796747869143529,-0.005954194712938676,0.008207501175399479
2013-07-31,0.051677015275128024,0.0556765770874903,0.05261916294036473,0.05374343333028686,0.059101063027992895,0.03743759224146426,0.043356702496987864,0.04331412556219516,0.07162439679894517,0.05266010675607147
2013-08-31,-0.029990493529161166,-0.0012355879005794268,-0.010312049206325002,-0.05124631940076574,-0.024800522604119024,-0.010399894959730038,-0.045422137512230454,-0.04992156704089046,-0.035278388451472575,-0.028466103362632222
2013-09-30,0.03168073152190787,0.044358403241608224,0.021165995336384302,0.027958186139945385,0.05861374672695496,0.025365482787236937,0.013748435080373156,0.011606285980745978,0.03208197829393011,0.05425359112103245
2013-10-31,0.04630534792543606,0.04189416664339496,0.04198566472079057,0.03315628449086039,0.04773327009569428,0.050247870178710796,0.06394387471006979,0.03775929378089815,0.04309281129904963,0.04585414396907406
2013-11-30,0.02963693829333125,0.013021643593119858,0.0005801382229695395,0.04449399090014272,0.036609995243096494,0.030905440718822508,0.01570408000050172,-0.019338609704858567,0.04718560700715524,0.034537874103740096
2013-12-31,0.02589838450541082,0.04894366021666352,0.02870477035207708,0.022456555830444147,0.04213486643171316,0.03531503325986618,0.006866874175851967,0.008995572180344302,0.007367658699136692,0.02280933137224994
2014-01-31,-0.0352467599895564,-0.047164296260322924,-0.057960800466134166,-0.03659565502318407,-0.04267128672619669,-0.025741276885680064,-0.05165207017509699,0.029760600986067587,0.009379720335477293,-0.0600029338949859
2014-02-28,0.045517280921795855,0.06902695358857613,0.051212005601551924,0.030389014434614614,0.04057591371222524,0.043939630416149456,0.03900951639289563,0.03452932116272778,0.06218703782865531,0.06399115786900689
2014-03-31,0.00831071132535599,0.008268163948818463,0.021071450006046488,0.0333034598228199,0.009555981649254752,0.004334940461996117,0.02194249619267219,0.033441489676070635,-0.012521061506560849,-0.028657298419481836
2014-04-30,0.0069519865982019535,0.008247698730777353,0.0525482398635615,-0.01701097000629581,0.01337692369464527,0.0027501238121871996,0.02740240087590662,0.04220968536897973,-0.006327285838982233,-0.01359614918950347
2014-05-31,0.023207312356221532,0.02958014235983586,0.016747866905782116,0.015027200889267123,0.019236653895803313,0.03758445611243988,0.018082793076436676,-0.010876675359774768,0.02873521430921122,0.028820096945092688
2014-06-30,0.020631034373644885,0.01612354036845698,0.055080224637598985,0.02419174110783273,0.004721155912807529,0.018696665736068763,-0.002509604630609008,0.04446987276378045,0.021185825365859445,0.019405735176877492
2014-07-31,-0.013439191980648246,-0.019945143084757255,-0.03466510405998846,-0.014510976069682768,-0.041251400771725066,0.016946806211035614,-0.0331714133161185,-0.06800798365902372,0.0013161571376674175,-0.012738111517862194
2014-08-31,0.03946597704240329,0.03864492869109237,0.02183715796926866,0.04239199907262026,0.04225430282330067,0.03282047078740247,0.04613149262123728,0.049211835510294843,0.048432508355541026,0.04447005844758567
2014-09-30,-0.013789754257617304,-0.01405163138190424,-0.07750956580387336,-0.004008621497997744,-0.011454227506282444,-0.0051662103053851105,0.00586111035100112,-0.018796543760532636,0.004341685822772945,-0.02771469276866012
2014-10-31,0.023551686982050457,-0.023994678357604937,-0.0353112991628296,0.028914532277751315,0.03875722743489396,0.01603990393873933,0.03546608669559426,0.08030599519616821,0.05257482648561074,0.021141204024508475
2014-11-30,0.02747085714331088,0.015702754479189895,-0.08693635870562022,0.02348892493611987,0.030789768255385708,0.04809860355787432,0.055449536190769644,0.011656939297505664,0.034785855870761884,0.054478055556014704
2014-12-31,-0.002560515344144809,-0.005654823736253256,-0.0022942858217378514,0.018703232933562797,-0.0002543925734888042,-0.02176010981540355,-0.009342664280036161,0.03565271504267309,-0.014045708901790466,0.008890771678506493
2015-01-31,-0.029629786159111604,-0.018320675830873934,-0.045604072197688805,-0.06955014997944942,-0.03552483176845156,-0.03506665974191969,-0.00969253870036857,0.023294936885024153,0.013015181180086932,-0.02993859296540602
2015-02-28,0.0562040430979327,0.079681634070214,0.04593204253124572,0.058236200536864624,0.053511782524147344,0.07995032409075864,0.041441738329450084,-0.06394902468522312,0.042876603818015946,0.08543996844030399
2015-03-31,-0.01574329286943632,-0.04907583412353478,-0.011649436564989846,-0.006221488966204114,-0.025489491126418073,-0.034372996550523616,-0.019508507574239164,-0.010025914612005415,0.006393470936668866,-0.004861754160721654
2015-04-30,0.009835206526173534,0.033620355338220165,0.06573903374287604,0.0008263602347418075,-0.002511667969262721,0.027508899637268325,-0.007592518564089379,-0.004729506816810947,-0.010909686267404517,-0.0005321748021961392
2015-05-31,0.012855340782203628,0.0037690019250740114,-0.05188541095785204,0.01947773917338913,0.003237138603459311,0.01855077953329598,0.008682319158659801,0.006335513206418453,0.04505682806740818,0.013145206575871926
2015-06-30,-0.020289228129027892,-0.03947335481846137,-0.034776357949722225,-0.004531003849258974,-0.026526872285159486,-0.041095994002368075,-0.018341409551833276,-0.05976664570066903,-0.003909139377633486,0.005557052213360336
2015-07-31,0.022590201304627078,-0.05042440717659957,-0.07690201971071353,0.034045676333803954,0.0029595718037180863,0.028502149905684115,0.05693269852048477,0.06102134721747232,0.029574969752331093,0.048902138050411326
2015-08-31,-0.06095102150383169,-0.05636725737724746,-0.042519681021288,-0.07060637501683287,-0.054037723081088784,-0.05518988969187566,-0.059630086537203475,-0.03478108306884542,-0.07964411227122936,-0.06532037331185536
2015-09-30,-0.025432603106434803,-0.07410938542931789,-0.07174878602779866,-0.028022160204791535,-0.02192528093247126,-0.013651334644794844,0.003966048709503234,0.02922557617536259,-0.05697924506523677,-0.005812350146733425
2015-10-31,0.08506259611443712,0.1342709136865543,0.11160090825962055,0.0626633632004252,0.08779401258779096,0.10506244496432582,0.057004686085000644,0.01062419674278181,0.07715338943192362,0.09036042486263285
2015-11-30,0.003656540531881358,0.00993863424896868,-0.00014695178810653076,0.019932919408494953,0.008661705592363012,0.00710351575643986,-0.00922218303501987,-0.02125687467281745,-0.00322537126701683,-0.002346373823448711
2015-12-31,-0.01717941004441237,-0.04330311701428646,-0.10502363070634246,-0.02348270306828426,-0.025638087927837172,-0.0207161028370052,0.0293119941204647,0.021328525414652466,0.017289432423158058,-0.028355364388698234
2016-01-31,-0.0497839939322392,-0.1070935787545304,-0.034980567880350755,-0.08854462993897239,-0.056970586025748005,-0.03712528958106032,0.00534612761938269,0.04944901940546842,-0.07718996634830722,-0.05182544355109209
2016-02-29,-0.0008291556741258921,0.07815396206636471,-0.028002060092431558,-0.029005810244612906,0.04260667897862014,-0.006548103397252536,0.0031507242102533084,0.01937454759043833,-0.0036224750143933893,0.004453026499620538
2016-03-31,0.067242725177306,0.07572517895957054,0.10164500593627324,0.07262991609138258,0.06968766643427116,0.08821581231396891,0.04739168781585379,0.07980615782745493,0.027040193764442888,0.06696961205498542
2016-04-30,0.0039436651772399856,0.051103888007019815,0.0906448239616604,0.03600136310190294,0.012438708322513925,-0.0502686600381258,-0.014323873558360067,-0.024184667817796934,0.02966565109552688,0.0012638048910385002
2016-05-31,0.017007626169011525,-0.0033990043705084405,-0.009333338181287898,0.01887451233572346,-0.0042734249092794,0.04889755977688104,0.006883708679818579,0.015075436002279563,0.022340729775910617,0.000506047823488398
2016-06-30,0.003472104744045579,-0.007863503620416545,0.027145223623074033,-0.03253084403362794,0.007130703316124309,-0.013737481615080371,0.05362082266921053,0.07624004834293996,0.009066008414143178,-0.01139204898332613
2016-07-31,0.036496598045370865,0.05071412339666481,-0.01260360497718871,0.03478278950630731,0.036247150577549014,0.07101629849195223,-0.00815504866754524,-0.0066718345553108405,0.04874172010803046,0.04560504781509933
2016-08-31,0.0011965498781709716,-0.002671164943204629,0.016771196656594434,0.038480102337573374,0.009475960985727339,0.011625165081579292,-0.005850129004316917,-0.055449978553443025,-0.03244772647968641,-0.012989679556561606
2016-09-30,7.86370752507981e-05,-0.011586226497945162,0.03692620402775737,-0.026920897320196313,0.0018968766581599628,0.02102765434103948,-0.015430567161281994,0.003530285948173617,-0.005104820610576932,-0.0026571267102734053
2016-10-31,-0.01733865043381666,-0.020943877023378632,-0.02818250031531222,0.0227973985669494,-0.02004293970227855,-0.007535243869241981,-0.007705790628711906,0.008980296777893804,-0.0658717966345711,-0.024237364995469246
2016-11-30,0.036837024248076,0.06823312015407579,0.08466936026633753,0.14032673230159198,0.09089294023160299,0.0016836026549793548,-0.04204439268367899,-0.054220039975871104,0.020635511482423707,0.048013904538902086
2016-12-31,0.020282284863064826,0.0017882629217123025,0.017279543155596988,0.03759629484492466,0.003077142195292426,0.02263448890487152,0.02992046541384208,0.048870835225074405,0.007163864666459574,0.00041961049104055625
2017-01-31,0.017896100209200405,0.04547187830590915,-0.0321286461972472,0.0025808371980666767,0.018644987583573913,0.035569425761680096,0.017016203970600552,0.01255639694035482,0.022917783659322843,0.042138053281974175
2017-02-28,0.03929172289930394,0.005581217801737592,-0.02085223129700975,0.05276676609455322,0.03912958551117751,0.045328032464291956,0.0477274326693895,0.052665854544327484,0.06338458345621878,0.018153341875460915
2017-03-31,0.001257458776835696,0.006205580300764568,-0.014852981092595141,-0.029530012228439984,-0.0076823828538780115,0.022259783731157556,-0.004216028017162254,-0.001393181998475157,-0.004789473345205741,0.021330690869991287
2017-04-30,0.009925592239820702,0.012593586198929696,-0.029469316693392478,-0.00842782423861177,0.01967400851079293,0.02007195718745125,0.010994585356821629,0.007599967049435108,0.015330097548200472,0.023991178471159946
2017-05-31,0.014110795057328485,0.00018875103760374046,-0.03537520109611891,-0.0118994581663725,0.017785562147702327,0.039537675966172525,0.026458914089752428,0.0413920066085145,0.007685322877690526,0.010990551706212326
2017-06-30,0.006372854561013774,0.01848888689378425,-0.0012252441076476828,0.06514178927042158,0.01348804223527833,-0.02810525338784775,-0.022457564714555955,-0.027125668677450365,0.04566064084073007,-0.012596505618977738
2017-07-31,0.020553558901124314,0.015427327935662705,0.026187371049693597,0.017025166444689654,0.00293527947572092,0.044589850967338585,0.006917128821356533,0.024249089699769355,0.008205608858868452,0.019302328141074243
2017-08-31,0.002917958600873405,0.007868809453260406,-0.05479063806283346,-0.015542956295902965,0.0021951070367369763,0.02921620848669715,-0.011029994435918011,0.03288181833557924,0.017525859368951346,-0.01861032265573359
2017-09-30,0.020141357845757657,0.036969462310955103,0.10179594528616276,0.051326611782563036,0.0418220257392794,0.008166489615230477,-0.0071605538459961204,-0.027572307749248237,0.0091238146346877,0.008247703475616985
2017-10-31,0.023564341470583727,0.03873387053725463,-0.008323340674222135,0.02861565427634405,0.007461797647896784,0.06514390747227794,-0.0164905254377411,0.03902311945712933,-0.007584767475689813,0.021203558754550267
2017-11-30,0.030565470543096218,0.009492482269167546,0.01752579294721479,0.03458470039468731,0.041662623034929736,0.01413968209606864,0.05575407990353809,0.02685138852901492,0.029094593787174272,0.050658621039030294
2017-12-31,0.012086918149576187,0.02123657778881949,0.0527039070053692,0.018847513196066812,0.021042240885679853,0.005420595615315937,0.02244065201660539,-0.060608949194278505,-0.005555392209667498,0.02456517513233547
2018-01-31,0.056359838021276865,0.03998169513641403,0.035840037274363246,0.06556968432231636,0.053653130819510064,0.07036648078158203,0.016347459985939228,-0.031132781757819417,0.06555471264231594,0.0924094392587087
2018-02-28,-0.03636161932560289,-0.05274015398953025,-0.10835081475925668,-0.02925316351322449,-0.038629020376853784,-0.004090892407208835,-0.07627176091579779,-0.03879400845043601,-0.044949099077397414,-0.03469127664366012
2018-03-31,-0.02741630914639226,-0.04146301214979975,0.017161600426750967,-0.0415701738219133,-0.026901203391111683,-0.037338101617112596,-0.009077358988499484,0.03788585663071764,-0.029170495238892702,-0.023845910168474482
2018-04-30,0.005167300233954508,0.0012307451663748914,0.09494387564478157,-0.004353909616750862,-0.02786302823473563,0.0006116834323686149,-0.041419866252052406,0.02038160524180843,0.010568047935003655,0.023792011618065878
2018-05-31,0.024308052223493082,0.02052324122134963,0.029942271257757502,-0.009832455441392551,0.030741144408368504,0.06783016351483684,-0.01566065626720703,-0.011056254412745381,0.0018246880861392256,0.019868227138720496
2018-06-30,0.005755071072741869,0.0027856137292439076,0.005851199786987005,-0.017470042888884874,-0.033884854414956256,-0.002614020192690192,0.045583574388824655,0.028082742472917754,0.016485016546524678,0.036177835654702895
2018-07-31,0.037046071006466175,0.028588421762393512,0.01553580898700524,0.05114437603416455,0.073853193494831,0.020871708943978495,0.0395904579547488,0.0159731191952861,0.06553971413027604,0.018022374163802812
2018-08-31,0.031918828404524424,-0.007703308535540798,-0.034753677750176126,0.013594338925255744,0.0023385449702948424,0.06599014307397821,0.003921925848298757,0.012879526255350715,0.04329046050322294,0.05104811120360675
2018-09-30,0.005948965950466123,-0.017948287638310134,0.024417759024562002,-0.022156077671039442,0.021738732211526557,-0.00017389861193151113,0.009870014197791876,-0.006523515239204358,0.029539807296840914,0.005320175949060868
2018-10-31,-0.06910477060014897,-0.09183464431304156,-0.11328366280081503,-0.0471320293312143,-0.10867511764393789,-0.08004787139683667,0.020024543513516235,0.019751580579125072,-0.06778774551860511,-0.10100858906926535
2018-11-30,0.01854909820631989,0.038014142643479465,-0.015636046819046734,0.026255643226576142,0.038064747488639084,-0.01962447315342053,0.0227243668290682,0.03538739732293683,0.08083538913986943,0.02476603112655562
2018-12-31,-0.08793650442492473,-0.06883018959881382,-0.1243102154931508,-0.11117945480886893,-0.10647920556122548,-0.08363988912764841,-0.08905720525258143,-0.039910305959126924,-0.09349058376351538,-0.07947982385586583
2019-01-31,0.08006357544464038,0.0560160122698703,0.11211928813561944,0.08900055113680305,0.11426947834487189,0.06937733909918653,0.051397911800105334,0.034767633901587436,0.04808692930821423,0.09867724076396822
2019-02-28,0.032415638174099426,0.031865590471024774,0.02304816482801786,0.022357779624667895,0.06367759236483939,0.06910014475076132,0.0177932668484706,0.04108947008215602,0.010807590876594997,0.013145522237077989
2019-03-31,0.018079962208385814,0.01252607186390886,0.0212782624018244,-0.025641730536013596,-0.011477718240084478,0.04765055797986051,0.038191966582214576,0.02789037442690301,0.004800062592608123,0.03653307033071718
2019-04-30,0.04085120401629139,0.03513677017695538,-0.00015212483858939585,0.08984894170938995,0.0397172967882744,0.06364573312024246,0.02851579012684824,0.009280494684795082,-0.02713720343016801,0.054630771410990375
2019-05-31,-0.06377162199816244,-0.08180954844649235,-0.11102723999661146,-0.07173609148604287,-0.07639902316747893,-0.08664727970815722,-0.03638689006180329,-0.007836428105691073,-0.0221804613826162,-0.07603905129429112
2019-06-30,0.0695934841982555,0.11566051216188078,0.09388950372919358,0.06656701907790596,0.07923781789949946,0.08940709588378959,0.052215258124035824,0.03183714079732525,0.06592285814467802,0.07817151786222953
2019-07-31,0.015120207747981285,-0.0027358613377306273,-0.0158524400901775,0.023547919878940782,0.005167052691532392,0.03498305177056604,0.02342262599396605,-0.001342837460839852,-0.016191636136414833,0.012752459209845579
2019-08-31,-0.016744051001201243,-0.02828209098488388,-0.08325278250145496,-0.04707956707267902,-0.02647144066260998,-0.015352213428599826,0.021707013920307272,0.050881052539322624,-0.005924089265784693,-0.009441441801923856
2019-09-30,0.01947831972973324,0.03181566910745537,0.03934311192679352,0.04546534731675056,0.030140438040680895,0.015761089075942314,0.017527458518557415,0.042485861731995866,-0.0010824713144328424,0.012756869413795169
2019-10-31,0.022102545834672194,-0.00017192404834165398,-0.02094762539375805,0.024999152522563683,0.011335147640279652,0.038993154793735885,-0.0042318693926509665,-0.007570046513218243,0.05125756129894765,0.0012395471587574036
2019-11-30,0.036199810200076676,0.0317910925799616,0.01604688751079597,0.05052031592839423,0.04496119778350138,0.053665042711959154,0.013735929223041454,-0.01867701523097931,0.050026518016333066,0.013240120782498588
2019-12-31,0.029032951817736352,0.028594743763628694,0.06027211672016919,0.026094736403447394,-0.0020288519677283956,0.04318409440488247,0.02406345310941993,0.03285454722816672,0.03475811280108365,0.027625658918168705
2020-01-31,-0.0004033093084683248,-0.06170673345899724,-0.10992926361168431,-0.026639801346481584,-0.00441870153391466,0.03992745352878302,0.0031757668879379697,0.06747130667347467,-0.02670175920652773,-0.0007986895140958961
2020-02-29,-0.07916579915382993,-0.08520030534479761,-0.1528831422683996,-0.11248400432908012,-0.0990016536882069,-0.07301206958227568,-0.08214525338157197,-0.09857748828962953,-0.06586858034247312,-0.07572382097623598
2020-03-31,-0.12464295041483586,-0.13966036338225352,-0.3426647611046101,-0.2099361884544042,-0.18597654828499532,-0.0857297572672292,-0.05514908373278404,-0.09947684387920308,-0.0386198319520521,-0.14914291478727704
2020-04-30,0.12698215290612613,0.151864783258012,0.30763847107195086,0.0946192118225706,0.08812302491389357,0.13736481524090127,0.0695835717662161,0.03338765788164455,0.12587717575379864,0.18882333855476618
2020-05-31,0.047644651933754556,0.06881270134181938,0.020001585356033802,0.027205272467278885,0.0538858392276349,0.07176574312521256,0.0166486449725054,0.04243782329366219,0.03288904742992904,0.06509408250053994
2020-06-30,0.01776260655530626,0.021792538043927223,-0.011012021949276418,-0.005213533712179141,0.01972585667798099,0.06943072185099264,-0.0022271150752946056,-0.04680112801340319,-0.02441238006497004,0.030716175886999375
2020-07-31,0.058893734903125994,0.0711638552129834,-0.04808301078387578,0.038460837862618336,0.04410443846940293,0.05684777730410673,0.0692373447278174,0.0779730970671837,0.05456353296312466,0.07274328475166825
2020-08-31,0.06979624083838432,0.04357109625154365,-0.010548614999120298,0.04286214387474985,0.08476007539276242,0.11880860962443585,0.0459336912565671,-0.025976181365596318,0.02586861982877009,0.09554778946409437
2020-09-30,-0.03740080769711118,0.015235899966451694,-0.14560404126804427,-0.034075296118181164,-0.006684454112423022,-0.05337073248548785,-0.01670862598018452,0.010860652433070994,-0.021729091642506915,-0.018607701174741642
2020-10-31,-0.024930811800882302,-0.007228048165674128,-0.041070737342340236,-0.008725115922028626,-0.01441992729823438,-0.050043277493837635,-0.028707537575956232,0.050520413730712255,-0.03621494516927959,-0.027283095701143845
2020-11-30,0.10877762473096708,0.12361284015419827,0.2799434351311827,0.16848321260127475,0.1602745473209093,0.11383605614605985,0.07469067186095635,0.0073727125338138855,0.07948007640806964,0.09994975670349215
2020-12-31,0.037064714245588215,0.02484938491564881,0.04507445217561101,0.06298645704190076,0.010093143161063134,0.05541100934782239,0.01661022321938188,0.006304263743952543,0.038023055202249134,0.024300890509152184
2021-01-31,-0.010190205895632576,-0.024174785519026742,0.03746765973556565,-0.01797809409205875,-0.04268819133609714,-0.00838251683498803,-0.04981523968557344,-0.008771594818415718,0.014014322652460276,0.00765268412163822
2021-02-28,0.027803390425020558,0.04119423356017626,0.22456888050193213,0.11606055320115449,0.06889170414286272,0.013650747495113968,-0.012325798333055804,-0.06098160533020203,-0.021037716728369515,-0.005308382692851943
2021-03-31,0.045406614181565885,0.07589423076953827,0.02981436642462687,0.05859175250363613,0.08986958432228254,0.01832718037744696,0.08492053234396924,0.10552912715746876,0.0402377442819728,0.04458783089228535
2021-04-30,0.05290977836941968,0.0538084820568574,0.006727415397935532,0.06490417666113979,0.0353466407152494,0.05188018102569436,0.01858969112018727,0.04184972594967595,0.03931841992523322,0.06455586962033455
2021-05-31,0.006566704562429804,0.050821356419832764,0.05709597090519036,0.04771261185442066,0.031295801727432515,-0.009304967907939443,0.017678869893237303,-0.023380082777847755,0.018710874264771027,-0.03398170123917876
2021-06-30,0.02247312306332727,-0.052720347444281446,0.04191347661256106,-0.030474693095624783,-0.022858791707538018,0.0688404606767048,-0.005522306388168197,-0.022174031867293387,0.022941191012052498,0.0345599766604372
2021-07-31,0.024411814604244464,0.020774697833024547,-0.08316326555370557,-0.0046311197079289546,0.009375597936755797,0.03887192081351398,0.022009327851104876,0.043335463363832094,0.0492261292067544,0.010528589221275864
2021-08-31,0.02975903563127602,0.018924512995097675,-0.020045019043847034,0.05147835659952893,0.011127926946085998,0.03559258940187826,0.010488119583504263,0.03895665636072887,0.023155704218797313,0.017847001564786025
2021-09-30,-0.046576679794081866,-0.07181276318233609,0.08972256612124263,-0.018324592345310142,-0.060761442717630065,-0.05837069875000889,-0.04132923586343207,-0.06091567232345496,-0.05515387862174381,-0.02137481038637734
2021-10-31,0.07016493148975234,0.07596838322009303,0.10328385531237072,0.07274132808454503,0.06796766943871857,0.08177097234175057,0.035008890216616795,0.0474323759987445,0.051218752936804,0.12092462147756633
2021-11-30,-0.008033076882052015,-0.005519692821055466,-0.050114666662730345,-0.05712821822442926,-0.035601111124991314,0.04451342854423013,-0.013477060156525167,-0.017041008911828248,-0.030560939125142683,0.01635708648044254
2021-12-31,0.046295486443131306,0.0759270071752729,0.02999883122603131,0.03375415525241077,0.054039120128417384,0.032495668569654246,0.10454040961780264,0.09687966336377718,0.09022076479523444,0.0015246619571278597
2022-01-31,-0.05274262808730701,-0.06798284404498811,0.18774977752849042,0.00025457051829413935,-0.04791816636056068,-0.06844160452619497,-0.014785804635433109,-0.032549829404061814,-0.06856626261979581,-0.09533279876244016
2022-02-28,-0.0295177645077086,-0.012670115817932759,0.07069297229016835,-0.013824885517586982,-0.008437404519414105,-0.04877519882448644,-0.014085077367011145,-0.019061429517243433,-0.009678216328358191,-0.04066061644607366
2022-03-31,0.03755604338691043,0.061147649423729744,0.09298458924781783,-0.001298428433695653,0.03435238100764981,0.03345352776839183,0.017807038374348272,0.10339487069803321,0.057385325461567493,0.04427761757743709
2022-04-30,-0.08776838720177083,-0.035396132184236206,-0.016876165072470806,-0.09942560335942063,-0.07613071853134357,-0.11017283499642805,0.023060387501809165,-0.0429754470561049,-0.04891062671729551,-0.1195665862862012
2022-05-31,0.002255605907251157,0.011763338317761107,0.16034853236843327,0.027817229362569806,-0.004623139254473441,-0.0068603962767764815,-0.04082888798190032,0.043081592353063414,0.014891188923987775,-0.05120429338206256
2022-06-30,-0.08246877921467965,-0.13865560901956775,-0.17118846101481733,-0.10870373877147743,-0.07374055637068522,-0.0926139523625974,-0.023664327736008572,-0.04909005671858524,-0.026186564665207412,-0.10838988848226205
2022-07-31,0.09208603054684561,0.06154646619953863,0.09663134464778445,0.07186178871143545,0.09503356532941165,0.13451880237724811,0.032004039665405104,0.054470198210610166,0.032441175257587274,0.18439328485785467
2022-08-31,-0.040800910506084365,-0.03481369545845203,0.02652360091160877,-0.019577476434397778,-0.02833538833026983,-0.06212774030759993,-0.018525959866812713,0.00527316540290057,-0.05770335670258053,-0.044952834351491
2022-09-30,-0.09241841449197774,-0.09311478129468731,-0.09558948487897034,-0.07662632879814024,-0.10436673632616822,-0.11969149578570415,-0.08137481104452049,-0.11288409269023791,-0.02536593195975878,-0.0820909331754851
2022-10-31,0.08127967791020851,0.08925262416969826,0.24965177057519972,0.11923609011590441,0.1389438839785515,0.07652713714200199,0.09006464556829097,0.019386389335433796,0.0961100601979612,0.01109018917285054
2022-11-30,0.05559072908300511,0.11703745725157022,0.012778260260414509,0.0685694096739704,0.07811235515246162,0.06326883747359124,0.061175913881034605,0.06963112719150621,0.047232014514124065,0.014857583916562556
2022-12-31,-0.057578427282629185,-0.05511084320298232,-0.030492066153874897,-0.05220114804250742,-0.02987668068914795,-0.08206400681805648,-0.027269358947651146,-0.004905361364818117,-0.018761534849922712,-0.11391194057496712
