date,regime,target_next_regime,eq_tot_next,bd_tot_next,rf_tot_next,pred_RF,p_RF_calm,p_RF_normal,p_RF_stressed,pred_Logit,p_Logit_calm,p_Logit_normal,p_Logit_stressed
1996-02-29,calm,calm,0.007917,-0.0069511488704382,0.0039,normal,0.034907379851360255,0.9650926201486398,0.0,normal,0.044608821438307356,0.9553911785616926,0.0
1996-03-31,calm,calm,0.013432,-0.005623775407948,0.0046,normal,0.034907379851360255,0.9650926201486398,0.0,normal,0.043899602889968636,0.9561003971100314,0.0
1996-04-30,calm,calm,0.022853,-0.0020305942872614,0.0042,normal,0.034907379851360255,0.9650926201486398,0.0,normal,0.033889793079072694,0.9661102069209273,0.0
1996-05-31,calm,calm,0.002257,0.0134291915355397,0.004,normal,0.034907379851360255,0.9650926201486398,0.0,normal,0.03316268071718298,0.966837319282817,0.0
1996-06-30,calm,stressed,-0.045748,0.0027365070866609,0.0045,normal,0.034907379851360255,0.9650926201486398,0.0,normal,0.026243412360392182,0.9737565876396078,0.0
1996-07-31,stressed,stressed,0.018814,-0.0016759859395162,0.0041,normal,0.060117094699618505,0.9398829053003815,0.0,normal,0.014906999579873736,0.9850930004201263,0.0
1996-08-31,stressed,normal,0.054173,0.0174268310800773,0.0044,normal,0.15501385731261277,0.8449861426873874,0.0,normal,0.028955750914333445,0.9710442490856666,0.0
1996-09-30,normal,normal,0.026131,0.0221514828497582,0.0042,normal,0.15501385731261277,0.8449861426873874,0.0,normal,0.012820309014676012,0.987179690985324,0.0
1996-10-31,normal,calm,0.073376,0.0171285714285713,0.0041,normal,0.15501385731261277,0.8449861426873874,0.0,normal,0.011804702494414676,0.9881952975055853,0.0
1996-11-30,calm,calm,-0.021505,-0.0092978833972386,0.0046,normal,0.15501385731261277,0.8449861426873874,0.0,normal,0.042209152685623974,0.957790847314376,0.0
1996-12-31,calm,calm,0.061317,0.003062222663283,0.0045,normal,0.15501385731261277,0.8449861426873874,0.0,normal,0.035560465687562104,0.9644395343124379,0.0
1997-01-31,calm,calm,0.005928,0.0024875270306559,0.0039,normal,0.13946931587849445,0.8605306841215056,0.0,normal,0.03265827071598215,0.9673417292840178,0.0
1997-02-28,calm,stressed,-0.042614,-0.0110815040392505,0.0043,normal,0.1620225073665235,0.8379774926334763,0.0,normal,0.0226859386142072,0.9773140613857928,0.0
1997-03-31,stressed,normal,0.058406,0.0149694196142167,0.0043,normal,0.20302080316482293,0.7969791968351768,0.0,normal,0.00959142119230838,0.9904085788076916,0.0
1997-04-30,normal,normal,0.058577,0.0094531765763488,0.0049,normal,0.20302080316482293,0.7969791968351768,0.0,normal,0.0041535409126938205,0.9958464590873062,0.0
1997-05-31,normal,normal,0.043453,0.0118693123312834,0.0037,normal,0.20302080316482293,0.7969791968351768,0.0,normal,0.0035515416925890886,0.9964484583074109,0.0
1997-06-30,normal,calm,0.078123,0.0269668174754877,0.0043,normal,0.18514414936050758,0.8148558506394923,0.0,normal,0.0032462900401649675,0.996753709959835,0.0
1997-07-31,calm,normal,-0.057446,-0.0085297268344938,0.0041,normal,0.20302080316482293,0.7969791968351768,0.0,normal,0.015185782557762817,0.9848142174422372,0.0
1997-08-31,normal,normal,0.053154,0.0147481868643897,0.0044,normal,0.18630008783073393,0.8136999121692661,0.0,normal,0.138737993424356,0.861262006575644,0.0
1997-09-30,normal,normal,-0.034478,0.0145072203367271,0.0042,normal,0.18145056721082323,0.8185494327891768,0.0,normal,0.14309012496865192,0.8569098750313481,0.0
1997-10-31,normal,normal,0.044587,0.0046047884552311,0.0039,normal,0.16119321317934185,0.838806786820658,0.0,normal,0.13513896754450228,0.8648610324554977,0.0
1997-11-30,normal,normal,0.015732,0.0100684287505223,0.0048,normal,0.14385019529812745,0.8561498047018725,0.0,normal,0.13874352228189735,0.8612564777181027,0.0
1997-12-31,normal,normal,0.01015,0.0128382484129958,0.0043,normal,0.14104799749592967,0.8589520025040703,0.0,normal,0.1364868749665007,0.8635131250334993,0.0
1998-01-31,normal,normal,0.070449,-0.0007531273934133,0.0039,normal,0.1391629072775061,0.8608370927224939,0.0,normal,0.11703346352669552,0.8829665364733045,0.0
1998-02-28,normal,calm,0.049946,0.0034363383196434,0.0039,normal,0.050340794722144394,0.9496592052778556,0.0,normal,0.29843607342599743,0.7015639265740026,0.0
1998-03-31,calm,calm,0.009076,0.0052196053469129,0.0043,normal,0.10091977122024738,0.8990802287797526,0.0,calm,0.6932632103361953,0.3067367896638047,0.0
1998-04-30,calm,normal,-0.018826,0.0094858156028367,0.004,normal,0.10091977122024738,0.8990802287797526,0.0,calm,0.7007895764643207,0.2992104235356793,0.0
1998-05-31,normal,normal,0.039438,0.0084808490885597,0.0041,normal,0.10091977122024738,0.8990802287797526,0.0,normal,0.30325018902058165,0.6967498109794183,0.0
1998-06-30,normal,normal,-0.011615,0.0021272625489829,0.004,normal,0.10991971173866122,0.8900802882613389,0.0,normal,0.3895528916828972,0.6104471083171028,0.0
1998-07-31,normal,normal,-0.145797,0.0162743929688664,0.0043,normal,0.1442879955037849,0.8557120044962151,0.0,normal,0.3901232736044761,0.6098767263955239,0.0
1998-08-31,normal,normal,0.062396,0.0234160284363664,0.0046,normal,0.2777157731650927,0.7222842268349073,0.0,calm,0.6848413431081288,0.3151586568918711,0.0
1998-09-30,normal,normal,0.080294,-0.005275470256851,0.0032,normal,0.29121856250491857,0.7087814374950815,0.0,calm,0.7780256494421827,0.22197435055781728,0.0
1998-10-31,normal,normal,0.059126,0.0056634110052555,0.0031,normal,0.21069603933347733,0.7893039606665226,0.0,calm,0.6208558914191481,0.3791441085808519,0.0
1998-11-30,normal,normal,0.056375,0.0030066575989691,0.0038,normal,0.22166761659756903,0.7783323834024308,0.0,normal,0.403794953882495,0.596205046117505,0.0
1998-12-31,normal,normal,0.041009,0.0071372493041181,0.0035,normal,0.20253762046641813,0.7974623795335818,0.0,calm,0.5346519410342564,0.4653480589657436,0.0
1999-01-31,normal,normal,-0.032283,-0.017456830368743,0.0035,normal,0.19716446339872426,0.8028355366012757,0.0,calm,0.517441389725567,0.4825586102744331,0.0
1999-02-28,normal,normal,0.038794,0.0055416646631725,0.0043,normal,0.25105541561082695,0.5283551938324703,0.22058939055670282,normal,0.06280972999143786,0.9105666767038523,0.02662359330470979
1999-03-31,normal,normal,0.037944,0.0031679996174491,0.0037,calm,0.4781664627263611,0.4150340295728226,0.1067995077008163,normal,0.10289079428885091,0.8778003021653461,0.019308903545802936
1999-04-30,normal,normal,-0.02497,-0.00875896751436,0.0034,calm,0.47878343710266985,0.4274523880577001,0.09376417483963013,normal,0.16841312882335405,0.8149375148528456,0.01664935632380036
1999-05-31,normal,normal,0.054438,-0.0031859002873321,0.004,calm,0.4777451857365496,0.4284906394238202,0.09376417483963013,normal,0.15434774598144413,0.8289328984658633,0.01671935555269258
1999-06-30,normal,normal,-0.032046,-0.0042574233543188,0.0038,normal,0.2347231693729436,0.591128636531162,0.17414819409589444,normal,0.057116820259653964,0.9272171750109954,0.01566600472935059
1999-07-31,normal,stressed,-0.006254,-0.0005087147684741,0.0039,normal,0.2527596563229516,0.5786264379517451,0.1686139057253033,normal,0.08231750652508463,0.8997981429964261,0.01788435047848923
1999-08-31,stressed,stressed,-0.028552,0.0116094475211767,0.0039,stressed,0.13989955465049994,0.27122989485796717,0.588870550491533,stressed,0.007545005918661428,0.025321289861903414,0.9671337042194352
1999-09-30,stressed,normal,0.06254,0.0036896390622567,0.0039,stressed,0.1512196310980134,0.2045723905800847,0.644207978321902,stressed,0.007967925372669972,0.02069779210516177,0.9713342825221684
1999-10-31,normal,normal,0.019062,-7.161186369886163e-05,0.0036,stressed,0.2899429692286048,0.23633032764843662,0.47372670312295856,normal,0.18682521499207655,0.6003480665864092,0.21282671842151435
1999-11-30,normal,normal,0.057844,-0.0048222108165529,0.0044,stressed,0.18616443945526298,0.246270837084649,0.5675647234600879,normal,0.1692950303970261,0.6110234107141383,0.2196815588888356
1999-12-31,normal,stressed,-0.050904,-0.0032743628185907,0.0041,stressed,0.1868027279523021,0.267631917985133,0.5455653540625649,normal,0.1526438904715924,0.6058579466071836,0.24149816292122384
2000-01-31,stressed,stressed,-0.020108,0.0120935717551924,0.0043,stressed,0.15749277332359993,0.10624252249875478,0.7362647041776454,stressed,0.0032444417865685133,0.010555824347184807,0.9861997338662467
2000-02-29,stressed,normal,0.09672,0.0131736954117966,0.0047,stressed,0.11153515218443828,0.1232626293447658,0.7652022184707961,stressed,0.08790194615438611,0.12996535345314356,0.7821327003924704
2000-03-31,normal,normal,-0.030796,-0.0028633456551075,0.0046,stressed,0.25080326797418073,0.3428422476666209,0.40635448435919824,normal,0.2776305002401025,0.4863511675642548,0.23601833219564264
2000-04-30,normal,stressed,-0.021915,-0.00045898012263,0.005,stressed,0.21220346293014591,0.33238805077720757,0.45540848629264646,normal,0.272892184635968,0.47749690938441924,0.24961090597961272
2000-05-31,stressed,stressed,0.023934,0.0208048791974755,0.004,stressed,0.11747232709198437,0.12411168149431884,0.7584159914136966,stressed,0.08642095456674455,0.12878749129843073,0.7847915541348247
2000-06-30,stressed,normal,-0.016341,0.0090773826687735,0.0048,stressed,0.16237838839741758,0.1448455563901386,0.6927760552124441,stressed,0.09423307640047097,0.13303429594461508,0.772732627654914
2000-07-31,normal,normal,0.060699,0.0144937475710398,0.005,stressed,0.21991866409755026,0.319415451990098,0.46066588391235164,normal,0.278932173982656,0.4560737263676388,0.2649940996497051
2000-08-31,normal,normal,-0.053483,0.0062870405840864,0.0051,stressed,0.29093794281420204,0.28399898808330754,0.42506306910249037,stressed,0.0033858927409703772,0.2519726424252023,0.7446414648338272
2000-09-30,normal,normal,-0.00495,0.0066172518810461,0.0056,stressed,0.28941386691602755,0.28434163502727644,0.42624449805669595,stressed,0.004834711714104765,0.2484506543248717,0.7467146339610236
2000-10-31,normal,normal,-0.080069,0.0163509560303882,0.0051,stressed,0.30080747523890167,0.273198003786487,0.42599452097461127,stressed,0.010167982004180395,0.26453726292360097,0.7252947550722186
2000-11-30,normal,normal,0.004053,0.0185503376270887,0.005,calm,0.3642893184183937,0.2998815096462497,0.3358291719353566,stressed,0.019648362462382156,0.27785204011377634,0.7024995974238416
2000-12-31,normal,normal,0.034637,0.0163536339020931,0.0054,calm,0.368022015771129,0.29948384955151136,0.3324941346773596,stressed,0.04012545005368535,0.2971130162628802,0.6627615336834345
2001-01-31,normal,normal,-0.092291,0.0087112802621842,0.0038,normal,0.35354470929303844,0.3625923955673502,0.2838628951396113,stressed,0.09018209879031798,0.3311773926730073,0.5786405085366747
2001-02-28,normal,normal,-0.064205,0.0050202276395496,0.0042,normal,0.2521112071382244,0.5224166243485963,0.22547216851317917,normal,0.2414465891839588,0.4971829615436982,0.261370449272343
2001-03-31,normal,normal,0.076814,-0.0041504593661684,0.0039,normal,0.2479290480582663,0.5253742121703028,0.226696739771431,normal,0.24640684571270902,0.49170144690526296,0.261891707382028
2001-04-30,normal,normal,0.00509,0.0060317294099168,0.0032,normal,0.2701909046463766,0.5847372187518518,0.1450718766017715,normal,0.279603569932275,0.4856367840146537,0.23475964605307142
2001-05-31,normal,normal,-0.025004,0.0037784555172737,0.0028,normal,0.27021700505758817,0.5794162328694726,0.1503667620729391,normal,0.2713785866881619,0.5001953337325103,0.22842607957932776
2001-06-30,normal,normal,-0.010772,0.0223572598875914,0.003,normal,0.27148571423702,0.5904672009507778,0.13804708481220204,normal,0.28271352390590715,0.4885463135609956,0.22874016253309742
2001-07-31,normal,normal,-0.064108,0.011451465665889,0.0031,normal,0.26698659944042236,0.5709987529705206,0.162014647589057,normal,0.2592255209915322,0.5105921606309407,0.23018231837752715
2001-08-31,normal,normal,-0.081723,0.0116527442112335,0.0028,normal,0.2654504645599028,0.5138861234874104,0.22066341195268654,normal,0.16628288163966337,0.6162622421511778,0.21745487620915877
2001-09-30,normal,normal,0.018099,0.0209256450669601,0.0022,normal,0.2771558892407475,0.5262952492440293,0.19654886151522288,normal,0.13540811392091082,0.6518115031802538,0.2127803828988353
2001-10-31,normal,normal,0.075176,-0.0137874786391176,0.0017,normal,0.2713878801216738,0.5418723377582745,0.18673978212005138,normal,0.11142245001940076,0.6822878311619213,0.20628971881867794
2001-11-30,normal,normal,0.007574,-0.0063501752451463,0.0015,normal,0.28989905002632416,0.551161322688935,0.15893962728474065,normal,0.09707574484097109,0.7048071687257801,0.19811708643324888
2001-12-31,normal,normal,-0.015574,0.0080949597233643,0.0014,normal,0.28989905002632416,0.551161322688935,0.15893962728474065,normal,0.08516623359909585,0.7198325099916907,0.19500125640921334
2002-01-31,normal,normal,-0.020766,0.0096909891492371,0.0013,normal,0.27110527494580516,0.5437991114569205,0.18509561359727414,normal,0.09094089188837157,0.7100295475403968,0.19902956057123167
2002-02-28,normal,normal,0.036739,-0.0166358415263311,0.0013,normal,0.2767298270099548,0.6598772308907052,0.06339294209933992,normal,0.14656278625583807,0.7910842934722729,0.06235292027188901
2002-03-31,normal,normal,-0.061418,0.0193920076023796,0.0015,normal,0.17007365479621162,0.7750773852010301,0.05484896000275826,normal,0.11703944690870369,0.8225627281089232,0.06039782498237317
2002-04-30,normal,normal,-0.009081,0.0084967954942707,0.0014,normal,0.17094011758927993,0.7742109224079617,0.05484896000275826,normal,0.10287227443011347,0.8401868730027852,0.05694085256710141
2002-05-31,normal,stressed,-0.072465,0.0086466708391508,0.0013,normal,0.17094011758927993,0.7742109224079617,0.05484896000275826,normal,0.10648652956776054,0.8410615022044484,0.05245196822779115
2002-06-30,stressed,normal,-0.078995,0.0120664801962713,0.0015,stressed,0.12938365756720407,0.3710634566443505,0.4995528857884453,stressed,0.0043159175237307045,0.25429217063936393,0.7413919118369053
2002-07-31,normal,normal,0.004881,0.016884084627937,0.0014,normal,0.14758396415380426,0.7748888672439351,0.07752716860226068,normal,0.05098768988656627,0.8773811974548242,0.07163111265860954
2002-08-31,normal,normal,-0.110013,0.0161956088194643,0.0014,normal,0.29850615103909744,0.5626594787028806,0.138834370258022,normal,0.09339832184142673,0.6942464620201807,0.21235521613839264
2002-09-30,normal,normal,0.086436,-0.0045548729838525,0.0014,normal,0.3342611153092651,0.568830716824866,0.09690816786586891,normal,0.09965665957403534,0.6896611864189057,0.21068215400705895
2002-10-31,normal,normal,0.05707,-0.0002659233040511,0.0012,normal,0.203621483384513,0.73699471455501,0.05938380206047699,normal,0.10374024468939659,0.6935497845364043,0.20270997077419914
2002-11-30,normal,normal,-0.060333,0.0206558128869525,0.0011,normal,0.19073551456005486,0.7564200499637478,0.05284443547619741,normal,0.10163477580110701,0.7068901974098007,0.19147502678909228
2002-12-31,normal,normal,-0.027415,0.0008537253879956,0.001,normal,0.16315466502281292,0.7799672520666108,0.05687808291057647,normal,0.11221495678823651,0.6948608339374873,0.1929242092742761
2003-01-31,normal,normal,-0.017004,0.0138454907876306,0.0009,normal,0.13323153636303012,0.8386843039812445,0.02808415965572547,normal,0.10166173630477165,0.7154643461413378,0.18287391755389046
2003-02-28,normal,normal,0.008358,-0.0007793541987708,0.001,normal,0.1252226489855808,0.8449969042843173,0.029780446730102033,normal,0.10226205332220334,0.7316382486933959,0.1660996979844008
2003-03-31,normal,normal,0.081044,0.0082516441245812,0.001,normal,0.14908245336751078,0.8214967095589163,0.029420837073572747,normal,0.1120386573579128,0.7213152232337701,0.16664611940831703
2003-04-30,normal,normal,0.050899,0.0186450064611409,0.0009,normal,0.15393437817587619,0.8140953547039027,0.031970267120221135,normal,0.11630055403835059,0.7170968470281447,0.1666025989335047
2003-05-31,normal,normal,0.011322,-0.0019848461312759,0.001,normal,0.10732048484128091,0.8695517233092304,0.02312779184948877,normal,0.10493945244619525,0.7353675127888956,0.1596930347649092
2003-06-30,normal,normal,0.016224,-0.0336192584394023,0.0007,normal,0.13027135617406438,0.8316621939256904,0.03806644990024517,normal,0.11132308464642927,0.7266813714742439,0.16199554387932671
2003-07-31,normal,normal,0.017873,0.0066392269148174,0.0007,normal,0.15524456351034358,0.8113311432016469,0.03342429328800948,normal,0.10920388886873193,0.7321598102518309,0.15863630087943723
2003-08-31,normal,normal,-0.011944,0.0264706405219461,0.0008,normal,0.19151158851127772,0.7968003654853787,0.011688046003343356,normal,0.15491766721108527,0.7060774400857482,0.13900489270316657
2003-09-30,normal,normal,0.054962,-0.0093262902667128,0.0007,normal,0.17877481203998166,0.8123733909284274,0.008851797031590817,normal,0.14436897292471684,0.7212385944551497,0.13439243262013342
2003-10-31,normal,normal,0.007129,0.0023950420880571,0.0007,normal,0.17699000756486497,0.815131701256902,0.007878291178232836,normal,0.144098247124772,0.7230132629270812,0.13288848994814664
2003-11-30,normal,normal,0.050766,0.0101764085213251,0.0008,normal,0.18898345851362053,0.8004331851517882,0.010583356334591038,normal,0.1552417474044142,0.7112440528006925,0.13351419979489326
2003-12-31,normal,normal,0.017276,0.0080453023030973,0.0007,normal,0.19091312428673982,0.798503519378669,0.010583356334591038,normal,0.1507498688519616,0.7175206060226894,0.13172952512534888
2004-01-31,normal,normal,0.012209,0.0108241419469754,0.0006,normal,0.18795959037324894,0.7970468476844738,0.0149935619422771,normal,0.156189256778421,0.7160625916151269,0.1277481516064521
2004-02-29,normal,normal,-0.016359,0.007488986784141,0.0009,normal,0.19349286522563325,0.8049609581636458,0.0015461766107211083,normal,0.07193938026052546,0.8650369574766761,0.06302366226279836
2004-03-31,normal,normal,-0.016791,-0.0260166156536948,0.0008,normal,0.19349286522563325,0.8049609581636458,0.0015461766107211083,normal,0.07095298608985513,0.867029808039159,0.06201720587098598
2004-04-30,normal,normal,0.012084,-0.0040058706725372,0.0006,normal,0.19349286522563325,0.8049609581636458,0.0015461766107211083,normal,0.06879432107148746,0.8699564134902245,0.061249265438288084
2004-05-31,normal,normal,0.017989,0.0056515784546573,0.0008,normal,0.19980347430181003,0.7982467851461692,0.0019497405520208985,normal,0.07248780514581964,0.8664996489773663,0.06101254587681397
2004-06-30,normal,normal,-0.034291,0.0099122549949146,0.001,normal,0.19158005556186,0.806873767827419,0.0015461766107211083,normal,0.06531473315362175,0.8779989713770119,0.056686295469366384
2004-07-31,normal,normal,0.002287,0.0190751741089716,0.0011,normal,0.15351431580897706,0.8462858393504146,0.0001998448406084188,normal,0.06182910164414328,0.8843866571593925,0.05378424119646423
2004-08-31,normal,normal,0.009364,0.0027134996608124,0.0011,normal,0.1099932902789051,0.7513417214860847,0.13866498823501053,normal,0.0955742891868342,0.7121787304901925,0.19224698032297322
2004-09-30,normal,normal,0.014014,0.0083857442348007,0.0011,normal,0.145868077642582,0.7120363145657409,0.1420956077916777,normal,0.08779134211058842,0.7491892151887191,0.1630194427006925
2004-10-31,normal,normal,0.038595,-0.0079764103668484,0.0015,normal,0.10912912193448844,0.7525990425769272,0.13827183548858463,normal,0.08473343004502697,0.7563383643795772,0.15892820557539591
2004-11-30,normal,normal,0.032458,0.0092011221695278,0.0016,normal,0.14533474430924867,0.7119148859943123,0.1427503696964396,normal,0.08850010951243871,0.7635378336468235,0.1479620568407378
2004-12-31,normal,normal,-0.02529,0.0062794738148423,0.0016,normal,0.15283747078557833,0.7041563045292113,0.14300622468521085,normal,0.09412977487786507,0.7599232607193703,0.14594696440276467
2005-01-31,normal,normal,0.018903,-0.0059031974282449,0.0016,normal,0.27098643548633194,0.5673746523989426,0.16163891211472592,normal,0.10866356611545495,0.7303460882234029,0.16099034566114206
2005-02-28,normal,normal,-0.019118,-0.0051360091306827,0.0021,normal,0.14793123557531263,0.6303576364448477,0.22171112797983963,normal,0.09667413581375862,0.6071463329893124,0.2961795311969289
2005-03-31,normal,normal,-0.020109,0.0135339595976389,0.0021,normal,0.13254766775810364,0.6527892941267307,0.2146630381151657,normal,0.08846412671540013,0.6574297653548931,0.25410610792970684
2005-04-30,normal,normal,0.029952,0.0108187470266898,0.0024,normal,0.1482774078404833,0.630011464179677,0.22171112797983963,normal,0.10630408531151404,0.5914787512809659,0.30221716340752003
2005-05-31,normal,normal,-0.000143,0.0054529078117773,0.0023,normal,0.13195908966952558,0.6533778722153087,0.2146630381151657,normal,0.10621275289934783,0.5747051830227833,0.31908206407786893
2005-06-30,normal,normal,0.035968,-0.009095384516056,0.0024,normal,0.22410567550856908,0.5264545421457616,0.24943978234566921,normal,0.10867910274134038,0.6010459127127679,0.2902749845458916
2005-07-31,normal,normal,-0.011222,0.0128194686517568,0.003,normal,0.13184531285530793,0.6534916490295264,0.2146630381151657,normal,0.10305762428027937,0.608954252015931,0.2879881237037896
2005-08-31,normal,normal,0.006949,-0.0103091125478465,0.0029,normal,0.16663719518515255,0.6376254237087821,0.19573738110606528,normal,0.11265204829413922,0.6250511566904084,0.26229679501545233
2005-09-30,normal,normal,-0.017741,-0.0079139379560264,0.0027,normal,0.16680198471304383,0.6374606341808908,0.19573738110606528,normal,0.11806517350060086,0.5958968127779004,0.28603801372149884
2005-10-31,normal,normal,0.035186,0.0044226044226045,0.0031,normal,0.2103691816648865,0.5777233680411363,0.21190745029397726,normal,0.1258562458029681,0.5913007607380717,0.28284299345896025
2005-11-30,normal,normal,-0.000952,0.0095075016307892,0.0032,normal,0.14338802720329158,0.6718417379443934,0.18477023485231495,normal,0.1121635434738416,0.6160960422723315,0.2717404142538269
2005-12-31,normal,normal,0.025467,5.654007075595047e-05,0.0035,normal,0.09304180943362518,0.7333336493526795,0.1736245412136952,normal,0.09924942334424254,0.652309997849294,0.24844057880646356
2006-01-31,normal,normal,0.000453,0.0033195221826463,0.0034,normal,0.09704773167847815,0.7293277271078266,0.1736245412136952,normal,0.09818005833242448,0.6734610816011029,0.22835886006647274
2006-02-28,normal,normal,0.011065,-0.0098129185986605,0.0037,normal,0.10983443984338377,0.7516906897229626,0.13847487043365392,normal,0.06605587247651518,0.7988857516961301,0.1350583758273547
2006-03-31,normal,normal,0.012187,-0.0018129344335596,0.0036,normal,0.1046147108600133,0.6139845804785306,0.2814007086614563,normal,0.07499558191480737,0.8369189508414613,0.08808546724373138
2006-04-30,normal,stressed,-0.030917,-0.0010669316349301,0.0043,normal,0.11388679679554448,0.6718282872977994,0.21428491590665658,normal,0.04670320061109538,0.8943767372618968,0.05892006212700793
2006-05-31,stressed,stressed,8.7e-05,0.0021198359573098,0.004,stressed,0.037560276761024275,0.22367579495483036,0.7387639282841455,stressed,0.0006872886258063253,0.46357320063211227,0.5357395107420815
2006-06-30,stressed,normal,0.005086,0.0135219793183687,0.004,stressed,0.040626990386352695,0.2974694719694967,0.6619035376441507,stressed,0.0007515557471138224,0.44873372637788106,0.5505147178750052
2006-07-31,normal,normal,0.021274,0.0153082931293297,0.0042,normal,0.12500460427777393,0.5364241657156305,0.33857123000659567,normal,0.00997594666916046,0.9278932892602065,0.06213076407063297
2006-08-31,normal,normal,0.024566,0.0087839974699557,0.0041,normal,0.12079730395103407,0.7769940178200437,0.10220867822892225,normal,0.10017771442451376,0.6596129770011614,0.240209308574325
2006-09-30,normal,calm,0.031508,0.0066148866299344,0.0041,normal,0.13177511703457453,0.7791867750113584,0.08903810795406741,normal,0.0994693774849557,0.6651446113731898,0.2353860111418545
2006-10-31,calm,calm,0.016467,0.0116011990501032,0.0042,normal,0.2573168417430953,0.4120322202201492,0.33065093803675555,stressed,0.31418455071565554,0.2781978512207045,0.40761759806363995
2006-11-30,calm,calm,0.012616,-0.0058033480854339,0.004,normal,0.24724444489650402,0.40565784297882795,0.34709771212466795,stressed,0.3263324928442773,0.27256976668231725,0.40109774047340546
2006-12-31,calm,calm,0.014059,-0.0004103088154461,0.0044,normal,0.2441051824417839,0.40754054797751055,0.3483542695807056,stressed,0.33104441478888735,0.2764052032185247,0.39255038199258785
2007-01-31,calm,calm,-0.021846,0.0154200034077354,0.0038,normal,0.24086167252681492,0.41609441493320337,0.34304391253998157,stressed,0.3341838949406555,0.2763423998127112,0.38947370524663344
2007-02-28,calm,calm,0.00998,3.050896582257323e-05,0.0043,normal,0.23940537954004726,0.45652954442257226,0.3040650760373805,calm,0.465014070799352,0.19544987841280004,0.33953605078784804
2007-03-31,calm,calm,0.043291,0.005392295195747,0.0044,normal,0.300887522894759,0.4328154888773079,0.2662969882279331,stressed,0.30900966318079587,0.26301871082289163,0.4279716259963125
2007-04-30,calm,calm,0.032549,-0.0075785161583977,0.0041,normal,0.3026715211557451,0.43011537532238314,0.26721310352187183,stressed,0.31221667845462237,0.26274540793366113,0.4250379136117165
2007-05-31,calm,calm,-0.017816,-0.002958240649437,0.004,normal,0.29506082659247374,0.4499871351222664,0.25495203828525986,stressed,0.319489850222978,0.26241582653993817,0.4180943232370838
2007-06-30,calm,stressed,-0.031982,0.0083413833816337,0.004,normal,0.3132590668443031,0.4244432075224378,0.2622977256332592,stressed,0.32072786113023555,0.260351675306529,0.4189204635632354
2007-07-31,stressed,normal,0.012864,0.0122565046151974,0.0042,stressed,0.1298207515481956,0.3703419225441367,0.49983732590766783,stressed,0.04014479210714139,0.18230349330824913,0.7775517145846096
2007-08-31,normal,normal,0.035794,0.0075863415806631,0.0032,normal,0.19892774820817857,0.6458812915723056,0.15519096021951598,normal,0.1912714642294775,0.5825308063244385,0.2261977294460841
2007-09-30,normal,normal,0.014822,0.0089828840648855,0.0032,normal,0.18765754767111475,0.7444580029148131,0.06788444941407218,normal,0.20326578456485914,0.5764371563568449,0.22029705907829603
2007-10-31,normal,normal,-0.044043,0.0179831398828214,0.0034,normal,0.18916267294800418,0.7701357248719233,0.04070160218007253,normal,0.2139758711564263,0.5702603417722443,0.21576378707132937
2007-11-30,normal,normal,-0.008628,0.0028087645065066,0.0027,normal,0.17947961202360949,0.7854358027947302,0.03508458518166043,normal,0.27211454059370094,0.5455817114959793,0.18230374791031967
2007-12-31,normal,normal,-0.061164,0.0167981472099587,0.0021,normal,0.14144748066663762,0.8384867822719122,0.020065737061450494,normal,0.3002874083069605,0.5279005905895704,0.17181200110346911
2008-01-31,normal,normal,-0.034761,0.0013879892662163,0.0013,normal,0.13843086738261243,0.8423510887206479,0.01921804389674013,normal,0.32569183139475805,0.5129196420430165,0.16138852656222533
2008-02-29,normal,normal,-0.00596,0.0034118533471703,0.0017,normal,0.08473027500872737,0.8897049222952725,0.02556480269600024,normal,0.147109887089797,0.5762755323495717,0.27661458056063126
2008-03-31,normal,normal,0.047547,-0.0020897383222588,0.0018,normal,0.13305574738184925,0.8361042536971649,0.0308399989209858,normal,0.16445446071943337,0.5552547427035406,0.28029079657702605
2008-04-30,normal,normal,0.010674,-0.0073329500039042,0.0018,normal,0.12215141843025072,0.8328953618364094,0.04495321973333993,normal,0.1666521815143474,0.5552548494069925,0.27809296907866005
2008-05-31,normal,normal,-0.085962,-0.0008009267867103,0.0017,normal,0.13044610918713861,0.8430008630119579,0.02655302780090363,normal,0.16079814113348975,0.5619728157709042,0.27722904309560603
2008-06-30,normal,normal,-0.009859,-0.0008230393770666,0.0015,normal,0.2817824974749329,0.6093185857027984,0.10889891682226893,normal,0.17764566735655504,0.5388047073570144,0.28354962528643063
2008-07-31,normal,normal,0.012191,0.0094906561803869,0.0013,normal,0.3026740975005391,0.592573170645967,0.10475273185349404,normal,0.16233411099164266,0.5531283140778372,0.28453757493052023
2008-08-31,normal,normal,-0.090792,-0.013431628540614,0.0015,normal,0.1163001586412291,0.874385399533747,0.009314441825023818,normal,0.10017501171208161,0.7154262055473001,0.1843987827406183
2008-09-30,normal,stressed,-0.169425,-0.0236042087699489,0.0008,normal,0.07198043341470799,0.9039047482860593,0.02411481829923266,normal,0.08389778558016388,0.7282431703968045,0.18785904402303155
2008-10-31,stressed,normal,-0.074849,0.0325498486310502,0.0003,normal,0.08819425124867601,0.49067754837216543,0.4211282003791587,stressed,0.006621328785071049,0.21690237312086655,0.7764762980940625
2008-11-30,normal,normal,0.007822,0.0373091739192466,0.0,normal,0.0595558079640992,0.8654889395372249,0.07495525249867563,normal,0.024567621286586804,0.7380659450861455,0.23736643362726764
2008-12-31,normal,normal,-0.085657,-0.0088233271439377,0.0,normal,0.05555441310125622,0.8541653382200073,0.09028024867873635,normal,0.021914868032768615,0.7453299128261637,0.23275521914106773
2009-01-31,normal,normal,-0.109931,-0.0037744489235188,0.0001,normal,0.05238664169231085,0.8331604762710451,0.11445288203664383,normal,0.010512635015286957,0.7264263516916248,0.2630610132930882
2009-02-28,normal,normal,0.085405,0.0139013671534931,0.0002,normal,0.0521277088244279,0.8495425743069024,0.09832971686866969,normal,0.008135964263289327,0.6708063042532586,0.3210577314834522
2009-03-31,normal,normal,0.093925,0.0047809093344506,0.0001,normal,0.05163016632034508,0.8750867697938615,0.0732830638857933,normal,0.00935528735645531,0.6926510690348592,0.2979936436086854
2009-04-30,normal,normal,0.053081,0.0072534609468466,0.0,normal,0.05167744764422214,0.8766954172150849,0.07162713514069284,normal,0.008620392193431787,0.7203169766277543,0.27106263117881385
2009-05-31,normal,normal,0.000196,0.0056876798609981,0.0001,normal,0.05451341869071951,0.8739996478068988,0.07148693350238156,normal,0.006730476787109281,0.7359521888224027,0.25731733439048804
2009-06-30,normal,normal,0.074142,0.0161296853699031,0.0001,normal,0.02737343400545812,0.9002727777735586,0.07235378822098312,normal,0.005075239864611195,0.7284488715011569,0.26647588863423183
2009-07-31,normal,normal,0.03356,0.0103544007863765,0.0001,normal,0.02397325419796258,0.9036729575810543,0.07235378822098312,normal,0.004135785573175636,0.7358997041813625,0.25996451024546186
2009-08-31,normal,normal,0.035723,0.010504657415381,0.0001,normal,0.07820563816849391,0.8244399537398692,0.09735440809163683,normal,0.002889061492034912,0.7091126151402197,0.28799832336774533
2009-09-30,normal,normal,-0.019762,0.0049375166698109,0.0,normal,0.07820563816849391,0.8244399537398692,0.09735440809163683,normal,0.0032444520279400835,0.7240049712558084,0.2727505767162516
2009-10-31,normal,normal,0.057364,0.0129466597617815,0.0,normal,0.07820563816849391,0.8244399537398692,0.09735440809163683,normal,0.002741512971289145,0.7217571419260548,0.275501345102656
2009-11-30,normal,normal,0.017771,-0.015631390593047,0.0001,normal,0.07761348913323111,0.8246945980348969,0.09769191283187194,normal,0.004315207144745013,0.7614556724454178,0.23422912040983712
2009-12-31,normal,normal,-0.036974,0.0152758481893606,0.0,normal,0.07805953229869872,0.8241974669263925,0.09774300077490881,normal,0.0037578333342801,0.7724810304436525,0.22376113622206742
2010-01-31,normal,normal,0.028514,0.0037343257431885,0.0,normal,0.07785663006675013,0.8217365043682398,0.10040686556501018,normal,0.004467350548935905,0.801313263645602,0.19421938580546227
2010-02-28,normal,normal,0.058796,-0.0012295264730428,0.0001,normal,0.03192196665952785,0.9172433802309952,0.05083465310947691,normal,0.0066274539372423,0.8358405147012532,0.1575320313615046
2010-03-31,normal,calm,0.014759,0.0104096237992574,0.0001,normal,0.031436833639183565,0.9177285132513394,0.05083465310947691,normal,0.0055962307589429855,0.8438813782399062,0.150522391001151
2010-04-30,calm,normal,-0.081976,0.0084148727984345,0.0001,normal,0.29131411370970756,0.47394906962344113,0.23473681666685156,normal,0.03481506862105695,0.5541163578420201,0.41106857353692294
2010-05-31,normal,normal,-0.053882,0.0156814383102859,0.0001,normal,0.06970965626964036,0.8188010484837612,0.11148929524659823,normal,0.007265045326014482,0.7976129016236446,0.19512205305034083
2010-06-30,normal,normal,0.068778,0.0106750160248507,0.0001,normal,0.0693442550053795,0.8323805334421365,0.09827521155248377,normal,0.00937190361750293,0.8081066920489063,0.18252140433359076
2010-07-31,normal,normal,-0.047449,0.0128613245517748,0.0001,normal,0.06582024096405754,0.8401836286117191,0.09399613042422322,normal,0.008669136711311285,0.8110442083406632,0.1802866549480255
2010-08-31,normal,normal,0.087551,0.0010656936943445,0.0001,normal,0.06365970667097402,0.8788251983491003,0.057515094979925796,normal,0.00928422993150172,0.808942896587737,0.18177287348076132
2010-09-30,normal,normal,0.036856,0.0035605595852428,0.0001,normal,0.06046255622614908,0.8926472197435412,0.046890224030309895,normal,0.0097346591282905,0.8089354112866877,0.18132992958502187
2010-10-31,normal,normal,-0.00229,-0.0057474019825239,0.0001,normal,0.05978309086644284,0.897246230882466,0.0429706782510913,normal,0.008618504621495809,0.8090332190123426,0.18234827636616163
2010-11-30,normal,calm,0.0653,-0.0107836695820952,0.0001,normal,0.05978309086644284,0.8978223625697087,0.0423945465638485,normal,0.0081115803908568,0.8088490781848452,0.1830393414242979
2010-12-31,calm,calm,0.022646,0.0011638535128877,0.0001,normal,0.24365739116955976,0.5597429893705818,0.19659961945985857,normal,0.05298589252188687,0.5381273911432483,0.40888671633486484
2011-01-31,calm,calm,0.031957,0.00250150638158,0.0001,normal,0.24098455510197006,0.5718513773646486,0.18716406753338133,normal,0.04773945309677342,0.5347335698324296,0.417526977070797
2011-02-28,calm,calm,-0.001047,0.0005524794793336,0.0001,normal,0.199717275545885,0.5927043801237515,0.20757834433036346,stressed,0.08938538394333144,0.20566187667178373,0.7049527393848848
2011-03-31,calm,calm,0.028495,0.0126939436782098,0.0,normal,0.15271709736002406,0.6276420461216046,0.2196408565183714,stressed,0.07311242185542843,0.17543838796054959,0.7514491901840219
2011-04-30,calm,calm,-0.013501,0.0130501213337728,0.0,normal,0.2011455850617289,0.6047906343641928,0.19406378057407825,stressed,0.1038114192983072,0.21530215685334517,0.6808864238483476
2011-05-31,calm,normal,-0.018258,-0.0029277294423118,0.0,normal,0.20395742142000126,0.6031265865471754,0.19291599203282325,stressed,0.10217983612228095,0.22222713654983212,0.675593027327887
2011-06-30,normal,normal,-0.021474,0.0158680254837524,0.0,normal,0.041173828530997596,0.9101755301858053,0.04865064128319694,normal,0.04539460329224632,0.6836631922289972,0.2709422044787565
2011-07-31,normal,normal,-0.056791,0.0146099630371439,0.0001,normal,0.021968171467407743,0.9560157936626431,0.022016034869948967,normal,0.04644281414674293,0.7545516552890392,0.19900553056421774
2011-08-31,normal,normal,-0.071762,0.0072746108025669,0.0,normal,0.16896387154455603,0.8156201546544729,0.015415973800970996,calm,0.5323198857713572,0.4499598471161727,0.01772026711247006
2011-09-30,normal,normal,0.107723,0.0010741690902129,0.0,normal,0.2183549683127226,0.6685370502187572,0.11310798146852037,calm,0.6428513507122409,0.34885407312968975,0.008294576158069333
2011-10-31,normal,normal,-0.005059,-0.0008675452464799,0.0,normal,0.18431317715923676,0.6396626055411251,0.17602421729963844,calm,0.5531032765510528,0.43401678717370806,0.012879936275239024
2011-11-30,normal,normal,0.008533,0.0109908314529718,0.0,normal,0.22326994632441188,0.6641887440116391,0.11254130966394914,calm,0.5360034973668026,0.44166111064101504,0.022335391992182305
2011-12-31,normal,normal,0.043583,0.0087807027952468,0.0,normal,0.2142291968654458,0.678696437601705,0.10707436553284938,calm,0.5316182502575398,0.4528207136848751,0.015561036057585183
2012-01-31,normal,normal,0.040589,-0.0002296494205552,0.0,normal,0.2061524074688208,0.7235810406237869,0.0702665519073923,calm,0.5566192833315668,0.42594643704028756,0.017434279628145605
2012-02-29,normal,normal,0.031332,-0.0054792371646907,0.0,normal,0.013576304669312695,0.9789565029493766,0.007467192381310672,normal,0.028102879908523577,0.8821058717964725,0.08979124829500407
2012-03-31,normal,normal,-0.007498,0.0110864495194744,0.0,normal,0.012559496208955849,0.9792926498321254,0.008147853958918814,normal,0.02345319003391453,0.8895633116738335,0.08698349829225198
2012-04-30,normal,normal,-0.062651,0.0090482611069633,0.0001,normal,0.004280324104254858,0.9841838185600752,0.011535857335669898,normal,0.0242896159346429,0.8535254099521452,0.12218497411321179
2012-05-31,normal,normal,0.039555,0.0003920356034587,0.0,normal,0.006043638516768354,0.986489169101921,0.007467192381310672,normal,0.02886497029612287,0.8690471709544408,0.10208785874943634
2012-06-30,normal,normal,0.012598,0.0137931415135474,0.0,normal,0.012701983162376468,0.9805012505214759,0.006796766316147766,normal,0.02847694580094203,0.8760452956730105,0.0954777585260476
2012-07-31,normal,normal,0.019763,0.0006533243319759,0.0001,normal,0.011138370714765288,0.9807185838855513,0.008143045399683376,normal,0.03497768939096643,0.8607518415027666,0.10427046910626678
2012-08-31,normal,normal,0.024236,0.0013765261485561,0.0001,normal,0.025496526482255033,0.9409296853033711,0.03357378821437417,normal,0.03972394537939344,0.8137543673678441,0.14652168725276246
2012-09-30,normal,normal,-0.019789,0.0019668675189759,0.0001,normal,0.01866078967335275,0.8933074629362441,0.08803174739040322,normal,0.0369820005789337,0.7853286120618562,0.1776893873592101
2012-10-31,normal,normal,0.002847,0.0015779969741502,0.0001,normal,0.01432769938405456,0.9331994739726146,0.05247282664333084,normal,0.062239527446651816,0.7302200382864341,0.20754043426691404
2012-11-30,normal,normal,0.007068,-0.0014239152797478,0.0001,normal,0.013140338293937385,0.9346157089982864,0.052243952707776264,normal,0.0508023501025208,0.7430599829227991,0.20613766697468025
2012-12-31,normal,normal,0.050428,-0.0069941823583949,0.0,normal,0.01998313419512068,0.9538088844848073,0.026207981320072196,normal,0.04643581562526952,0.7802872513395943,0.17327693303513625
2013-01-31,normal,normal,0.011061,0.005012312379538,0.0,normal,0.020979087904222576,0.9249075554938546,0.0541133566019227,normal,0.053196203830011765,0.7519388758944456,0.19486492027554264
2013-02-28,normal,calm,0.035988,0.0007986222408145,0.0,normal,0.02493079358862842,0.9269880012502151,0.04808120516115635,normal,0.054384287989551326,0.7565434905568039,0.18907222145364463
2013-03-31,calm,calm,0.018086,0.0101186663337204,0.0,normal,0.2166477273759947,0.6158025736600502,0.16754969896395497,stressed,0.3327305320569661,0.25405353208470266,0.4132159358583312
2013-04-30,calm,calm,0.020763,-0.0178419802448436,0.0,normal,0.21608925229403228,0.622618205637164,0.16129254206880358,stressed,0.3258882759399265,0.25448619812369255,0.4196255259363809
2013-05-31,calm,calm,-0.014999,-0.0154685431007124,0.0,normal,0.2599016342228675,0.6239374014224176,0.11616096435471472,calm,0.4106590135668715,0.27507064612867177,0.3142703403044567
2013-06-30,calm,calm,0.049462,0.0013671907564567,0.0,normal,0.23333198005894284,0.6324116684641155,0.13425635147694148,stressed,0.31268313175972323,0.28126956171008033,0.40604730653019644
2013-07-31,calm,normal,-0.031298,-0.0051116402204499,0.0,normal,0.17826857527829773,0.6507797270866235,0.17095169763507856,stressed,0.19104003756943197,0.2165456191345635,0.5924143432960045
2013-08-31,normal,normal,0.02975,0.009466907662784,0.0,normal,0.11051566094502337,0.6951261534125237,0.1943581856424531,stressed,0.1070476041885027,0.3843787533019364,0.5085736425095609
2013-09-30,normal,normal,0.044596,0.0080849723408842,0.0,normal,0.10488151062265749,0.7155177869095337,0.1796007024678089,stressed,0.08296954079122758,0.3474142651409769,0.5696161940677956
2013-10-31,normal,normal,0.02805,-0.0037441891062188,0.0,normal,0.10366753478039885,0.7124326524960521,0.18389981272354913,stressed,0.08358378147869631,0.3373090701911307,0.579107148330173
2013-11-30,normal,normal,0.023563,-0.005651147562633,0.0,normal,0.10369420435792782,0.7293075393449975,0.1669982562970748,stressed,0.10298099832475908,0.3972397011595208,0.4997793005157201
2013-12-31,normal,normal,-0.035583,0.0147753810056112,0.0,normal,0.09861319694370878,0.7232556940976779,0.1781311089586135,stressed,0.0944190671274517,0.3679894825676175,0.5375914503049308
2014-01-31,normal,normal,0.043117,0.0053169444202076,0.0,normal,0.10293619809191568,0.7197974399456463,0.17726636196243825,stressed,0.06900286199085559,0.33545623311578254,0.5955409048933619
2014-02-28,normal,normal,0.006932,-0.0017032725615809,0.0,normal,0.0950752490959433,0.6717090049392768,0.23321574596477987,stressed,0.06890831632421641,0.36099672406809036,0.5700949596076932
2014-03-31,normal,normal,0.006201,0.0084385205148964,0.0,normal,0.07823632941858151,0.6959426355317563,0.22582103504966208,stressed,0.08173047507604614,0.4021283110019558,0.5161412139219981
2014-04-30,normal,calm,0.02103,0.0113853117086049,0.0,normal,0.06080201966747081,0.7087072329598575,0.23049074737267172,stressed,0.07322519486215326,0.4105404079126835,0.5162343972251633
2014-05-31,calm,calm,0.019058,0.000516773839523,0.0,normal,0.3295087034860414,0.41910923246360826,0.2513820640503505,stressed,0.40320325896320247,0.11815996157810314,0.47863677945869454
2014-06-30,calm,calm,-0.01508,-0.0025079872204473,0.0,normal,0.3259869973833638,0.41789865472871934,0.2561143478879169,calm,0.4669449658221502,0.12286534153163803,0.41018969264621175
2014-07-31,calm,calm,0.037655,0.0110394012672891,0.0,normal,0.3320380380535932,0.42253732001885186,0.24542464192755498,calm,0.45727989912310774,0.11048968798383148,0.4322304128930608
2014-08-31,calm,calm,-0.015514,-0.0067899702740804,0.0,normal,0.311031345311847,0.5178989548166287,0.17106969987152418,calm,0.656321940394166,0.10471457539504685,0.238963484210787
2014-09-30,calm,calm,0.023202,0.0098293029115787,0.0,normal,0.32054181523827907,0.49459713659613974,0.1848610481655811,calm,0.6885100461674262,0.10613058959668559,0.20535936423588833
2014-10-31,calm,calm,0.024534,0.0070962307854285,0.0,normal,0.3112881568172417,0.5053726004137614,0.18333924276899682,calm,0.6449719160742526,0.11056147507578482,0.24446660884996244
2014-11-30,calm,calm,-0.004189,0.0009356639555062,0.0,normal,0.34629302835314646,0.4908632864286809,0.16284368521817263,calm,0.6989654587250532,0.11590996719368307,0.18512457408126382
2014-12-31,calm,normal,-0.031041,0.0209674808211524,0.0,normal,0.34169874138963113,0.4885009933806685,0.16980026522970035,calm,0.704724139824598,0.1111306573444296,0.18414520283097227
2015-01-31,normal,calm,0.054893,-0.0094014383484567,0.0,normal,0.0732562967971105,0.8504406485885584,0.07630305461433107,normal,0.12380511834548381,0.7077020149839143,0.16849286667060184
2015-02-28,calm,calm,-0.017396,0.0046420604758756,0.0,calm,0.5363591691620392,0.31960125053859445,0.14403958029936625,stressed,0.014175765346418788,0.01143675414792824,0.9743874805056529
2015-03-31,calm,calm,0.008521,-0.0035875269193011,0.0,calm,0.5404466887715732,0.3285912215176105,0.13096208971081635,stressed,0.01410966894490974,0.011839383247876065,0.9740509478072141
2015-04-30,calm,normal,0.010491,-0.0024088927862172,0.0,calm,0.541160809257985,0.3297670830999304,0.12907210764208463,stressed,0.01293275555389277,0.011443025162108406,0.9756242192839988
2015-05-31,normal,stressed,-0.021012,-0.0109049731641485,0.0,normal,0.0911298598832545,0.7271614202605693,0.18170871985617612,stressed,0.0013594834850378375,0.06018432618576868,0.9384561903291935
2015-06-30,stressed,stressed,0.019742,0.0069528305339041,0.0,normal,0.1527159097407412,0.5927261789783581,0.25455791128090066,stressed,0.0005072271424815452,0.010829281165794806,0.9886634916917236
2015-07-31,stressed,stressed,-0.062581,-0.0014380720489671,0.0,normal,0.1649115382976807,0.5997574606025794,0.23533100109973978,stressed,0.0004941426655381939,0.010834360859345851,0.9886714964751159
2015-08-31,stressed,stressed,-0.026443,0.0067639933035945,0.0,normal,0.21613526929609636,0.5638024791535597,0.22006225155034395,stressed,0.017569046903216354,0.01748161621309639,0.9649493368836872
2015-09-30,stressed,normal,0.082983,0.000170416694639,0.0,normal,0.20782116029638406,0.5757345757471142,0.21644426395650176,stressed,0.017061886937081164,0.01729524109383809,0.9656428719690807
2015-10-31,normal,normal,0.000505,-0.0026435903261116,0.0,normal,0.15637579824752723,0.6638328591914117,0.17979134256106122,stressed,0.05747298592155171,0.10602993934320551,0.8364970747352428
2015-11-30,normal,normal,-0.01753,-0.0032304156053922,0.0001,normal,0.15017575604098696,0.6626054386869872,0.18721880527202595,stressed,0.0549842196025869,0.10351407656718566,0.8415017038302274
2015-12-31,normal,stressed,-0.050735,0.013758180118417,0.0001,normal,0.1577121237960367,0.6433346633405618,0.19895321286340154,stressed,0.05029098048820296,0.09918132747778963,0.8505276920340075
2016-01-31,stressed,normal,-0.004128,0.0070956867446423,0.0002,normal,0.19747137746746254,0.5479667106891634,0.254561911843374,stressed,0.01685292026422069,0.016952754715724862,0.9661943250200543
2016-02-29,normal,normal,0.065991,0.0091721183879862,0.0002,normal,0.29596054480344125,0.535877438235389,0.16816201696116936,calm,0.6654503737055643,0.00676953271800974,0.32778009357642607
2016-03-31,normal,normal,0.002699,0.0038411711035049,0.0001,normal,0.3514240477937783,0.5255914222244935,0.12298452998172804,calm,0.6682254234003057,0.005636575622976966,0.32613800097671747
2016-04-30,normal,normal,0.01533,0.0002561025213543,0.0001,normal,0.36453050879152465,0.5125552652618118,0.12291422594666346,calm,0.6566766548651977,0.006005631999574442,0.3373177131352279
2016-05-31,normal,normal,0.000906,0.0179677694663387,0.0002,normal,0.3628085677087771,0.5174673806104602,0.11972405168076262,calm,0.6531780970624564,0.00577553985219164,0.34104636308535197
2016-06-30,normal,normal,0.03561,0.0063224654656284,0.0002,normal,0.3623251020771366,0.5179508462421006,0.11972405168076262,calm,0.6347370060944376,0.005820022091101696,0.35944297181446067
2016-07-31,normal,normal,-0.001219,-0.0011418713948962,0.0002,calm,0.4720764739489584,0.43655442071952333,0.09136910533151833,calm,0.6324106680501155,0.005423554199428589,0.3621657777504559
2016-08-31,normal,normal,-0.001234,-0.0005887605608926,0.0002,normal,0.4550203492066127,0.49497060993361003,0.050009040859777386,calm,0.4032696514809119,0.34091505607935524,0.25581529243973283
2016-09-30,normal,normal,-0.019426,-0.0076485777965419,0.0002,normal,0.4294721708915706,0.5001334429802378,0.07039438612819156,calm,0.40239307369334737,0.33657956208040435,0.2610273642262483
2016-10-31,normal,normal,0.034175,-0.0236519244088256,0.0001,normal,0.42345075754090405,0.4768051934901198,0.0997440489689762,calm,0.3907806363271283,0.33937226768886314,0.2698470959840085
2016-11-30,normal,normal,0.018201,0.0014086005705338,0.0003,normal,0.2929722327581859,0.586873799737286,0.12015396750452788,calm,0.3748864410732144,0.35079670372038496,0.27431685520640064
2016-12-31,normal,normal,0.017884,0.0019631951507055,0.0004,normal,0.19340894280827722,0.615229383984779,0.1913616732069436,normal,0.32144483409135705,0.4018917994459828,0.27666336646266015
2017-01-31,normal,normal,0.037198,0.0067213735639439,0.0004,normal,0.1511675080290962,0.6462198330493023,0.20261265892160144,normal,0.3061079693550689,0.4032360431065487,0.2906559875383823
2017-02-28,normal,normal,-0.000389,-0.0005266959609944,0.0003,normal,0.25169626732188416,0.5423565937722569,0.20594713890585892,normal,0.23196081035225405,0.41606910752687487,0.351970082120871
2017-03-31,normal,normal,0.009091,0.007718907307868,0.0005,normal,0.23957905777597813,0.5132005199393765,0.24722042228464525,normal,0.23044484702783383,0.4123538390672039,0.3572013139049622
2017-04-30,normal,normal,0.011576,0.0076946446269465,0.0006,normal,0.24441523271685175,0.5124786454891009,0.24310612179404723,normal,0.22843652163472392,0.40788170989887357,0.36368176846640243
2017-05-31,normal,normal,0.004814,-0.0010032915871776,0.0006,normal,0.2067827350598119,0.5540160207480658,0.2392012441921223,normal,0.2207353720053132,0.41796128309516756,0.3613033448995192
2017-06-30,normal,normal,0.019349,0.0043041393947489,0.0007,normal,0.14562277169321916,0.5933200988517503,0.2610571294550302,normal,0.21625111752207563,0.42479365290109045,0.3589552295768339
2017-07-31,normal,normal,0.000546,0.0089654730764874,0.0009,normal,0.23016720996234682,0.5386808728820803,0.23115191715557273,normal,0.22451280050928896,0.406203537410217,0.3692836620804941
2017-08-31,normal,calm,0.019303,-0.0047602540755098,0.0009,normal,0.1739251871082184,0.60531287261616,0.22076194027562157,normal,0.219314084852189,0.4314973607932161,0.3491885543545948
2017-09-30,calm,calm,0.022188,0.00057886836141,0.0009,calm,0.7964806572048833,0.11387182323867666,0.08964751955643958,calm,0.7771554659164847,0.06885848441857201,0.15398604966494328
2017-10-31,calm,calm,0.028083,-0.0012845404090918,0.0008,calm,0.7997049601206797,0.11299782088483991,0.08729721899447995,calm,0.7744172807147244,0.07059342760188092,0.15498929168339484
2017-11-30,calm,calm,0.009832,0.0045900383894119,0.0009,calm,0.8238517812044922,0.09420505215271656,0.08194316664279068,calm,0.7773806312648983,0.06555624493531371,0.15706312379978796
2017-12-31,calm,calm,0.056179,-0.0115179561858315,0.0011,calm,0.8549928974211372,0.0766247449800782,0.06838235759878399,calm,0.7856437913326916,0.054469822861249136,0.15988638580605918
2018-01-31,calm,normal,-0.038947,-0.0094769626260627,0.0011,calm,0.8468215895617339,0.07497927326806662,0.07819913717019876,calm,0.7829238812619723,0.05323518374900547,0.1638409349890222
2018-02-28,normal,stressed,-0.026885,0.0064133597520499,0.0012,normal,0.3817518029857246,0.5646191295736364,0.053629067440638806,normal,0.37851307264483197,0.4212248657413395,0.20026206161382856
2018-03-31,stressed,stressed,0.002719,-0.0074387050702213,0.0014,calm,0.5560789854425313,0.3690324099416769,0.07488860461579226,stressed,0.25001868056709053,0.19505942743451718,0.5549218919983924
2018-04-30,stressed,normal,0.021608,0.0071347203069729,0.0014,calm,0.5738919076726,0.3648962829723359,0.061211809355064324,stressed,0.2318507774161234,0.20027127766544897,0.5678779449184276
2018-05-31,normal,normal,0.004842,-0.0012303051950629,0.0014,normal,0.38162128008249585,0.5580724948236225,0.06030622509388162,normal,0.3607941807169311,0.44053346213643135,0.19867235714663753
2018-06-30,normal,normal,0.036022,0.0002384169117062,0.0016,normal,0.38036043022068244,0.5776151662494098,0.04202440352990755,normal,0.3671727219073859,0.4240245891432099,0.20880268894940418
2018-07-31,normal,normal,0.030263,0.0064357222310504,0.0016,normal,0.3980326854941614,0.5630442861053132,0.03892302840052544,normal,0.3629080028842605,0.4240905693365326,0.21300142777920686
2018-08-31,normal,normal,0.004294,-0.0064389752901239,0.0015,normal,0.38262711799223686,0.584573209584614,0.03279967242314894,calm,0.41964460216852845,0.35690691787096485,0.22344847996050665
2018-09-30,normal,stressed,-0.069403,-0.0079009966876399,0.0019,normal,0.3801261796100559,0.5850560955894749,0.03481772480046905,calm,0.4030240849300202,0.36709973019362013,0.2298761848763597
2018-10-31,stressed,stressed,0.017859,0.0059666826846067,0.0018,calm,0.595649609076541,0.3606430166665991,0.043707374256860027,stressed,0.20991068261122464,0.11334522669686622,0.6767440906919091
2018-11-30,stressed,stressed,-0.091777,0.0183710839536641,0.0019,calm,0.5867338430932998,0.3743098938288622,0.03895626307783801,stressed,0.19669279841613493,0.11118383497050294,0.6921233666133622
2018-12-31,stressed,normal,0.078684,0.0106224958467704,0.0021,calm,0.590944544704674,0.3713339269507106,0.03772152834461543,stressed,0.18750735051811218,0.11306228982672763,0.6994303596551602
2019-01-31,normal,normal,0.029729,-0.0005801754063646,0.0018,normal,0.3654607293816192,0.5925012412233691,0.04203802939501155,calm,0.3973696686533733,0.3960675829059568,0.20656274844067
2019-02-28,normal,normal,0.017924,0.0192004411892761,0.0019,normal,0.26845534844331703,0.7174627329259166,0.014081918630766578,normal,0.37064934768348806,0.42038771902593525,0.20896293329057683
2019-03-31,normal,normal,0.039313,0.0002563092418468,0.0021,normal,0.2849054969627309,0.7010125844065024,0.014081918630766578,normal,0.3638276341704821,0.4160838593849549,0.2200885064445631
2019-04-30,normal,normal,-0.065778,0.0177519847013103,0.0021,normal,0.31510672991332767,0.6769599961503746,0.007933273936297601,normal,0.35645685080102213,0.4096863309025328,0.23385681829644508
2019-05-31,normal,normal,0.06893,0.0125560663564561,0.0018,normal,0.3523756611539431,0.6346360016442916,0.012988337201765386,normal,0.3613805602620824,0.3960830424295316,0.24253639730838608
2019-06-30,normal,normal,0.013128,0.0022010305243331,0.0019,normal,0.2861702016171837,0.6979753265544263,0.015854471828389723,normal,0.330174732062782,0.4046670124501371,0.265158255487081
2019-07-31,normal,normal,-0.018092,0.0259132823950489,0.0016,normal,0.29514882189659036,0.6943128068585235,0.010538371244886116,normal,0.307478458471163,0.4145959666241878,0.27792557490464914
2019-08-31,normal,normal,0.017181,-0.0053249376368741,0.0018,normal,0.22540598889182903,0.751450521661091,0.023143489447079918,normal,0.23619978793377183,0.4638340107722404,0.2999662012939877
2019-09-30,normal,normal,0.020432,0.0030121566861773,0.0015,normal,0.15309464605325795,0.7751634394491204,0.0717419144976215,normal,0.22621876556818676,0.47938925404247146,0.2943919803893417
2019-10-31,normal,normal,0.034047,-0.0005117408616099,0.0012,normal,0.08872746072846056,0.8155207951738248,0.09575174409771454,normal,0.21389430044371788,0.5017022419040125,0.28440345765226965
2019-11-30,normal,normal,0.02859,-0.0006961442590556,0.0014,normal,0.0797334415535061,0.8543814863556141,0.0658850720908798,normal,0.19795319430925598,0.515212404305432,0.286834401385312
2019-12-31,normal,normal,-0.001628,0.0192449438202249,0.0013,normal,0.06260603555673203,0.8266157827062078,0.11077818173706018,normal,0.20084757873416914,0.5166845800860748,0.28246784117975604
2020-01-31,normal,normal,-0.084111,0.0179996648764009,0.0012,normal,0.0979280920720811,0.7997816923466653,0.10229021558125394,normal,0.20522570327008366,0.5133096219583838,0.2814646747715325
2020-02-29,normal,normal,-0.125119,-0.005886582576755,0.0012,normal,0.09977917555346727,0.8176277645964231,0.08259305985010938,normal,0.20435580248876575,0.5117264304392031,0.2839177670720312
2020-03-31,normal,normal,0.126844,0.0177773904707956,0.0,normal,0.1306824753852229,0.782730708275606,0.08658681633917087,normal,0.19667798516473742,0.5273318881573779,0.2759901266778848
2020-04-30,normal,normal,0.045282,0.0046535522400839,0.0001,normal,0.054686386546859485,0.855046130334086,0.09026748311905446,normal,0.1447967831055364,0.543349730503695,0.31185348639076865
2020-05-31,normal,normal,0.018388,0.0063024135815097,0.0001,normal,0.03775463124133577,0.6769455047562868,0.28529986400237745,normal,0.10504416913881448,0.5644183150705308,0.33053751579065466
2020-06-30,normal,normal,0.055101,0.0149353591557943,0.0001,normal,0.07434716467580306,0.8285421382151145,0.09711069710908242,normal,0.1198711342981921,0.5982432591019174,0.2818856065998904
2020-07-31,normal,normal,0.070065,-0.0080733317200578,0.0001,normal,0.08011808099115797,0.8533470297735851,0.0665348892352568,normal,0.13869570140607895,0.6058107692466551,0.2554935293472659
2020-08-31,normal,normal,-0.039228,-0.0005468089491592,0.0001,normal,0.06229375716931946,0.8844155179152468,0.05329072491543375,normal,0.1454066524452925,0.6253444784455526,0.22924886910915487
2020-09-30,normal,normal,-0.027666,-0.0044652439050052,0.0001,normal,0.21095635744888805,0.732949954601735,0.05609368794937696,normal,0.15779327439942886,0.6149818348158153,0.22722489078475588
2020-10-31,normal,normal,0.107546,0.0098117961378469,0.0001,normal,0.20451744150738996,0.7416854607476284,0.05379709774498168,normal,0.1520322636192325,0.6317772585694219,0.21619047781134554
2020-11-30,normal,normal,0.037121,0.0013773009088511,0.0001,normal,0.08456556021749305,0.8666908645228882,0.04874357525961901,normal,0.1475823844035375,0.644363864095883,0.20805375150057964
2020-12-31,normal,normal,-0.011137,-0.0071696724943771,0.0,normal,0.2078364856539379,0.7216378552582299,0.07052565908783227,normal,0.1548317649967311,0.646528649986332,0.1986395850169369
2021-01-31,normal,normal,0.026092,-0.0144386850648666,0.0,normal,0.16067589564648957,0.7569057470926998,0.08241835726081063,normal,0.16337972203753048,0.6397672432159226,0.19685303474654697
2021-02-28,normal,normal,0.042439,-0.012488357586581,0.0,normal,0.23296113359054538,0.7468314313050612,0.020207435104393486,normal,0.1941258423645827,0.6394257048414248,0.1664484527939925
2021-03-31,normal,normal,0.052425,0.0079001449369418,0.0,normal,0.22416310660403252,0.7593532846359521,0.016483608760015724,normal,0.20495660573095917,0.6258192142707968,0.16922417999824393
2021-04-30,normal,normal,0.005487,0.0032666411974535,0.0,normal,0.2227489636678552,0.761484836041466,0.01576620029067921,normal,0.21100839531186125,0.6371928206781744,0.15179878400996424
2021-05-31,normal,normal,0.022214,0.0070254404805709,0.0,normal,0.2209329494956319,0.7639704930708321,0.015096557433536351,normal,0.20892154593834703,0.6278302624800468,0.16324819158160628
2021-06-30,normal,normal,0.022748,0.0111826787444129,0.0,normal,0.21043828581155596,0.7699681041397101,0.019593610048734344,normal,0.21181925443492416,0.5826324048410232,0.20554834072405262
2021-07-31,normal,normal,0.02899,-0.0019033933343418,0.0,normal,0.2221393825187876,0.7582670074324783,0.019593610048734344,normal,0.20658099612542072,0.551126874548968,0.24229212932561126
2021-08-31,normal,normal,-0.047569,-0.0086594848090659,0.0,stressed,0.23067766427433767,0.3114517485340745,0.4578705871915878,normal,0.19428323876713582,0.405240213818622,0.4004765474142421
2021-09-30,normal,normal,0.069144,-0.0002760249016927,0.0,stressed,0.2251244200979412,0.30758640725831904,0.4672891726437398,stressed,0.18665364111127752,0.4040833311442086,0.40926302774451384
2021-10-31,normal,normal,-0.008334,0.0029606534676174,0.0,stressed,0.19359815675653838,0.3670808698222381,0.4393209734212235,stressed,0.18283310883183884,0.39544483518702445,0.42172205598113655
2021-11-30,normal,normal,0.043613,-0.002558043012392,0.0001,stressed,0.20358794938050395,0.3760203136773382,0.42039173694215787,stressed,0.19102270210113667,0.399686249368844,0.4092910485300193
2021-12-31,normal,stressed,-0.052585,-0.0215443667892353,0.0,stressed,0.20646030061191886,0.37270551211090414,0.4208341872771771,stressed,0.18673129068069633,0.3880193565094895,0.42524935280981413
2022-01-31,stressed,stressed,-0.031361,-0.0111569172018747,0.0,stressed,0.2073365088469321,0.20436219913742956,0.5883012920156384,stressed,0.11441323978541132,0.10894499135308662,0.7766417688615019
2022-02-28,stressed,stressed,0.035773,-0.0277835071905349,0.0,stressed,0.22163242104130101,0.22235271009232957,0.5560148688663693,stressed,0.12306700520536971,0.11926051610835978,0.7576724786862705
2022-03-31,stressed,stressed,-0.087957,-0.0379483429479368,0.0,stressed,0.21393646942600894,0.23744116880094004,0.5486223617730509,stressed,0.11959031195756682,0.12457874525411478,0.7558309427883185
2022-04-30,stressed,stressed,5.3e-05,0.0064467393293328,0.0003,stressed,0.1897534695582835,0.257691486245651,0.5525550441960654,stressed,0.11088220316421132,0.132695234913703,0.7564225619220856
2022-05-31,stressed,stressed,-0.08392,-0.0156872800167828,0.0006,stressed,0.17853013050333888,0.25011537783290744,0.5713544916637537,stressed,0.1231457458420741,0.14922472347717305,0.7276295306807528
2022-06-30,stressed,normal,0.091116,0.0244340248176564,0.0008,stressed,0.14493328780283127,0.268218861849761,0.5868478503474077,stressed,0.11454392537036277,0.15076853743042265,0.7346875371992145
2022-07-31,normal,stressed,-0.04244,-0.0282525578019314,0.0019,stressed,0.1180999021553805,0.39348227628660176,0.4884178215580177,normal,0.2773769493748346,0.5113494502612279,0.21127360036393747
2022-08-31,stressed,stressed,-0.093396,-0.0432089367613756,0.0019,stressed,0.2310865754745054,0.2633913805213597,0.5055220440041349,stressed,0.2580754487930921,0.25743459241535943,0.4844899587915485
2022-09-30,stressed,normal,0.079864,-0.0129533678756476,0.0023,stressed,0.23270351217082993,0.26145594584121895,0.5058405419879514,stressed,0.20227120620425817,0.16130227414660878,0.636426519649133
2022-10-31,normal,normal,0.053753,0.036775633372124,0.0029,stressed,0.13784554608738797,0.42561699822406035,0.4365374556885519,normal,0.4212601656231371,0.4228279801944667,0.15591185418239606
2022-11-30,normal,normal,-0.058972,-0.0045092103536912,0.0033,normal,0.14095751404528672,0.4411131414222023,0.417929344532511,normal,0.414577106965681,0.50696872655183,0.07845416648248912
2022-12-31,normal,normal,0.061753,0.0307654010045248,0.0035,normal,0.14560142626411274,0.45384360079419556,0.4005549729416918,normal,0.39205414471623523,0.5397600662886736,0.06818578899509121
2023-01-31,normal,normal,-0.026112,-0.0258552108194114,0.0034,normal,0.1920160037583939,0.5886245807251077,0.21935941551649832,normal,0.3554118176913802,0.5864702778006959,0.05811790450792394
2023-02-28,normal,normal,0.035052,0.0253990938964396,0.0036,normal,0.17418485088726188,0.6140780874355833,0.21173706167715475,normal,0.4443540490572045,0.48873255776053437,0.06691339318226107
2023-03-31,normal,normal,0.014642,0.0060633068014279,0.0035,normal,0.16963628750651616,0.5898929956272385,0.2404707168662453,calm,0.48493524188591836,0.428997206090282,0.0860675520237995
2023-04-30,normal,normal,0.002482,-0.0108896428234849,0.0036,normal,0.17545302386296177,0.6367817168719407,0.18776525926509746,normal,0.3492519476164164,0.6205053840334757,0.03024266835010786
2023-05-31,normal,normal,0.064728,-0.0035682128922533,0.004,normal,0.14171512202471995,0.6088727706738494,0.24941210730143074,normal,0.3573737971796841,0.546444331797557,0.09618187102275895
2023-06-30,normal,normal,0.031139,-0.000693249187225,0.0045,normal,0.16398027444856036,0.7603318886339578,0.0756878369174817,normal,0.375643084863084,0.5016018338685793,0.12275508126833673
2023-07-31,normal,normal,-0.017716,-0.0063871014042053,0.0045,normal,0.18385742790325643,0.7279916817465261,0.08815089035021766,normal,0.35533732321567774,0.5593733170040265,0.0852893597802958
2023-08-31,normal,normal,-0.048719,-0.0254140986132512,0.0043,normal,0.19783819944236558,0.6225434797997288,0.1796183207579057,normal,0.25718147644021805,0.5407380317280644,0.20208049183171747
2023-09-30,normal,stressed,-0.02198,-0.0157804764775052,0.0047,normal,0.1990075491712503,0.7694638227354863,0.03152862809326353,normal,0.2753758478567797,0.5419978383303728,0.1826263138128474
2023-10-31,stressed,normal,0.089179,0.0452843259306854,0.0044,normal,0.20556299142174184,0.45938683944083586,0.3350501691374224,stressed,0.12870216976133145,0.1909206121757956,0.680377218062873
2023-11-30,normal,normal,0.044229,0.0382799706092811,0.0043,normal,0.1450497994268235,0.7360051091226415,0.11894509145053489,normal,0.2246527017374306,0.541362498258213,0.2339848000043564
2023-12-31,normal,normal,0.015896,-0.0027474560592044,0.0047,normal,0.13047884945666008,0.8043946199639436,0.0651265305793964,normal,0.22330613074515052,0.5491335643848415,0.227560304870008
2024-01-31,normal,normal,0.051721,-0.0141276216802872,0.0042,normal,0.12914938671953657,0.8101349033130462,0.060715709967417375,normal,0.2107500567204238,0.5686792694780208,0.2205706738015554
2024-02-29,normal,normal,0.031019,0.0092350395182536,0.0043,normal,0.0712897639300392,0.8430149060428104,0.08569533002715041,normal,0.13410254841507055,0.5185085189485912,0.34738893263633824
2024-03-31,normal,normal,-0.041615,-0.0252606946574492,0.0047,normal,0.06790961757388396,0.8473612402759901,0.0847291421501258,normal,0.1311302795787458,0.5234094210402197,0.34546029938103456
2024-04-30,normal,normal,0.048021,0.0169532864029382,0.0044,normal,0.07238729531070152,0.8566649868613876,0.07094771782791091,normal,0.13994175953227697,0.5147573329693835,0.3453009074983394
2024-05-31,normal,normal,0.03467,0.009471006212115,0.0041,normal,0.10702078190390292,0.8312501739818742,0.061729044114222746,normal,0.14986471050887595,0.5181833856724359,0.331951903818688
2024-06-30,normal,normal,0.011321,0.0233575418213665,0.0045,normal,0.10201224237086708,0.8383066023597285,0.05968115526940423,normal,0.14833989532198352,0.5369394266376853,0.31472067804033105
2024-07-31,normal,normal,0.022835,0.0143665472489153,0.0048,normal,0.07520536509517002,0.8683601384362934,0.05643449646853648,normal,0.136045000992187,0.5414370769539655,0.32251792205384755
2024-08-31,normal,normal,0.020197,0.0133911943024598,0.004,normal,0.06709552087139076,0.9082679648445965,0.024636514284013037,normal,0.08225847748781726,0.7172082880687501,0.20053323444343263
2024-09-30,normal,normal,-0.009897,-0.0247988415398309,0.0039,normal,0.05075598331754692,0.9295681807796551,0.019675835902798058,normal,0.07307310029161274,0.7195304125210423,0.20739648718734485
2024-10-31,normal,normal,0.057301,0.0105713909462028,0.004,normal,0.052729139970497975,0.9217437706190607,0.02552708941044164,normal,0.06896399382750759,0.7093881931868649,0.22164781298562744
