date,label,majority_state,vote_prob,vote_strength,n_teachers,asset_excess,cumulative_excess_index
1988-02-29,Equity regime label,0,0.0,1.0,14,0.0370554165268681,1.0370554165268682
1988-03-31,Equity regime label,1,0.5714285714285714,0.5714285714285714,14,-0.0375851408414521,0.998077542636315
1988-04-30,Equity regime label,0,0.0,1.0,14,0.0048034560624652,1.0028717642593017
1988-05-31,Equity regime label,0,0.0,1.0,14,-0.0019149443748865,1.0009513206156009
1988-06-30,Equity regime label,1,0.6428571428571429,0.6428571428571429,14,0.0381773719832809,1.039165011519899
1988-07-31,Equity regime label,1,0.6428571428571429,0.6428571428571429,14,-0.0104608848900802,1.0282944259525904
1988-08-31,Equity regime label,0,0.0,1.0,14,-0.0442503285133175,0.982792059795775
1988-09-30,Equity regime label,0,0.0714285714285714,0.9285714285714286,14,0.0333324699192805,1.0155509465658257
1988-10-31,Equity regime label,1,0.7142857142857143,0.7142857142857143,14,0.0197495730229189,1.0356076441435216
1988-11-30,Equity regime label,0,0.0,1.0,14,-0.0244582657900944,1.0102784771288058
1988-12-31,Equity regime label,1,0.5,0.5,14,0.0083375134050858,1.018701687474737
1989-01-31,Equity regime label,1,0.7142857142857143,0.7142857142857143,14,0.0652733473693067,1.0851957565869743
1989-02-28,Equity regime label,1,0.9285714285714286,0.9285714285714286,14,-0.0348427635472444,1.0473845374377415
1989-03-31,Equity regime label,1,1.0,1.0,14,0.014016131322931,1.0620648166600766
1989-04-30,Equity regime label,1,1.0,1.0,14,0.0431156326696748,1.107856413166578
1989-05-31,Equity regime label,1,1.0,1.0,14,0.0270336955552734,1.1378058661590806
1989-06-30,Equity regime label,1,1.0,1.0,14,-0.0149236905105047,1.120825603551486
1989-07-31,Equity regime label,1,1.0,1.0,14,0.0808338233589291,1.2114262224051318
1989-08-31,Equity regime label,1,1.0,1.0,14,0.0080593946374356,1.2211895844056326
1989-09-30,Equity regime label,1,1.0,1.0,14,-0.0129643368891078,1.2053576712279284
1989-10-31,Equity regime label,1,1.0,1.0,14,-0.0317699771268077,1.1670634855833948
1989-11-30,Equity regime label,1,1.0,1.0,14,0.0095782522065546,1.1782419139893732
1989-12-31,Equity regime label,1,1.0,1.0,14,0.0152284615768094,1.1961847257047469
1990-01-31,Equity regime label,0,0.1428571428571428,0.8571428571428572,14,-0.074113636231438,1.1075311260782628
1990-02-28,Equity regime label,0,0.0,1.0,14,0.0028235617865757,1.1106583086433006
1990-03-31,Equity regime label,0,0.0,1.0,14,0.017746519692559,1.1303686281893432
1990-04-30,Equity regime label,0,0.0714285714285714,0.9285714285714286,14,-0.0335670722332367,1.092425462796727
1990-05-31,Equity regime label,1,0.8571428571428571,0.8571428571428571,14,0.0846406714868124,1.1848890875171336
1990-06-30,Equity regime label,1,1.0,1.0,14,-0.0150959110998379,1.167002107188807
1990-07-31,Equity regime label,1,1.0,1.0,14,-0.0119460070326529,1.1530610918092088
1990-08-31,Equity regime label,0,0.0,1.0,14,-0.1002804842669209,1.0374315671332368
1990-09-30,Equity regime label,0,0.0,1.0,14,-0.0568609004299951,0.97844227409154
1990-10-31,Equity regime label,0,0.0,1.0,14,-0.0134116600766316,0.965319738906818
1990-11-30,Equity regime label,0,0.0,1.0,14,0.0539414712581967,1.01739050585803
1990-12-31,Equity regime label,0,0.0,1.0,14,0.0187209970236672,1.0364370704901054
1991-01-31,Equity regime label,0,0.0,1.0,14,0.0361381911118197,1.0738920314188514
1991-02-28,Equity regime label,1,1.0,1.0,14,0.0621984909248349,1.1406864951893094
1991-03-31,Equity regime label,1,1.0,1.0,14,0.0177286348951919,1.1609093095923968
1991-04-30,Equity regime label,1,1.0,1.0,14,-0.0049288492684534,1.1551873625910716
1991-05-31,Equity regime label,1,1.0,1.0,14,0.033725983230588,1.194147192210005
1991-06-30,Equity regime label,1,1.0,1.0,14,-0.0518855024894497,1.1321882650958237
1991-07-31,Equity regime label,1,1.0,1.0,14,0.0397733987913242,1.1772192404703374
1991-08-31,Equity regime label,1,1.0,1.0,14,0.0149828251605246,1.1948573105259102
1991-09-30,Equity regime label,1,1.0,1.0,14,-0.0236404102248085,1.1666103935449663
1991-10-31,Equity regime label,1,1.0,1.0,14,0.007629205106346,1.175510703516516
1991-11-30,Equity regime label,1,1.0,1.0,14,-0.047651485717764,1.11949587201682
1991-12-31,Equity regime label,1,0.5714285714285714,0.5714285714285714,14,0.1074000303270628,1.2397297626224482
1992-01-31,Equity regime label,1,1.0,1.0,14,-0.0232244379959004,1.210937735618751
1992-02-29,Equity regime label,1,1.0,1.0,14,0.0067468536119212,1.219107755254122
1992-03-31,Equity regime label,1,1.0,1.0,14,-0.0251502083987433,1.1884469411489569
1992-04-30,Equity regime label,1,1.0,1.0,14,0.0246175871569553,1.2177036373041084
1992-05-31,Equity regime label,1,1.0,1.0,14,-0.0018312056650299,1.2154737715051496
1992-06-30,Equity regime label,1,1.0,1.0,14,-0.0204962752462531,1.1905610865297789
1992-07-31,Equity regime label,1,1.0,1.0,14,0.0361667579251527,1.233619821141408
1992-08-31,Equity regime label,1,1.0,1.0,14,-0.0265318333998489,1.2008896255681327
1992-09-30,Equity regime label,1,1.0,1.0,14,0.0064895003215765,1.208682799179435
1992-10-31,Equity regime label,1,1.0,1.0,14,-0.000193354090831,1.2084490954156968
1992-11-30,Equity regime label,1,1.0,1.0,14,0.0279008301684502,1.2421658283941075
1992-12-31,Equity regime label,1,1.0,1.0,14,0.0072882962208387,1.2512191009068472
1993-01-31,Equity regime label,1,1.0,1.0,14,0.0047356054569915,1.2571443809089935
1993-02-28,Equity regime label,1,1.0,1.0,14,0.0082663221645375,1.2675363413689256
1993-03-31,Equity regime label,1,1.0,1.0,14,0.0161586013766936,1.2880179558395788
1993-04-30,Equity regime label,1,1.0,1.0,14,-0.0277533661153731,1.2522711219479885
1993-05-31,Equity regime label,1,1.0,1.0,14,0.0204746507081969,1.2779109357618357
1993-06-30,Equity regime label,1,1.0,1.0,14,-0.0017406421850881,1.275686550078263
1993-07-31,Equity regime label,1,1.0,1.0,14,-0.0077094697961667,1.2658516831510584
1993-08-31,Equity regime label,1,1.0,1.0,14,0.0318559983300574,1.306176652255619
1993-09-30,Equity regime label,1,1.0,1.0,14,-0.0125568474709315,1.2897751912631532
1993-10-31,Equity regime label,1,1.0,1.0,14,0.0171569885692111,1.3119038494765072
1993-11-30,Equity regime label,1,1.0,1.0,14,-0.0153740899703204,1.2917345216622456
1993-12-31,Equity regime label,1,1.0,1.0,14,0.0077740892674094,1.3017765811434423
1994-01-31,Equity regime label,1,1.0,1.0,14,0.0299295747936716,1.3407382006934252
1994-02-28,Equity regime label,1,1.0,1.0,14,-0.0320812347854969,1.2977256636910948
1994-03-31,Equity regime label,1,1.0,1.0,14,-0.0483215805258533,1.235017508532579
1994-04-30,Equity regime label,0,0.0,1.0,14,0.0088079896696355,1.245895529989553
1994-05-31,Equity regime label,0,0.0,1.0,14,0.0091691592524389,1.2573193445159292
1994-06-30,Equity regime label,0,0.0,1.0,14,-0.0298026093827401,1.219847947221958
1994-07-31,Equity regime label,0,0.0,1.0,14,0.0286137863972752,1.254752415820922
1994-08-31,Equity regime label,1,0.7857142857142857,0.7857142857142857,14,0.0337792491828576,1.2971370103377295
1994-09-30,Equity regime label,1,0.7857142857142857,0.7857142857142857,14,-0.0305120765440058,1.2575586665902418
1994-10-31,Equity regime label,1,0.5714285714285714,0.5714285714285714,14,0.017016253049463,1.2789576030854868
1994-11-30,Equity regime label,0,0.0,1.0,14,-0.043052814878618,1.2238948781622463
1994-12-31,Equity regime label,0,0.0,1.0,14,0.0078661198884557,1.2335221820047375
1995-01-31,Equity regime label,0,0.2857142857142857,0.7142857142857143,14,0.0199976865047024,1.2581897718970647
1995-02-28,Equity regime label,1,0.8571428571428571,0.8571428571428571,14,0.0319531313698138,1.2983928749666478
1995-03-31,Equity regime label,1,1.0,1.0,14,0.0226296855956169,1.3277750975067322
1995-04-30,Equity regime label,1,1.0,1.0,14,0.0234625403437727,1.3589280742994403
1995-05-31,Equity regime label,1,1.0,1.0,14,0.0307532000359469,1.4007194612028353
1995-06-30,Equity regime label,1,1.0,1.0,14,0.0165045072757157,1.423837645741494
1995-07-31,Equity regime label,1,1.0,1.0,14,0.027159942897549,1.4625089948952137
1995-08-31,Equity regime label,1,1.0,1.0,14,-0.0049978029820899,1.4551996630791932
1995-09-30,Equity regime label,1,1.0,1.0,14,0.0356520017326704,1.507080443988674
1995-10-31,Equity regime label,1,1.0,1.0,14,-0.0096361962106802,1.49255792112512
1995-11-30,Equity regime label,1,1.0,1.0,14,0.0367022952045097,1.5473382225560837
1995-12-31,Equity regime label,1,1.0,1.0,14,0.0124856810558826,1.5666577940884954
1996-01-31,Equity regime label,1,1.0,1.0,14,0.0282015383485707,1.6108399539475693
1996-02-29,Equity regime label,1,1.0,1.0,14,0.0030224244900827,1.615708596073984
1996-03-31,Equity regime label,1,1.0,1.0,14,0.0040015307162544,1.6221739036496905
1996-04-30,Equity regime label,1,1.0,1.0,14,0.0087928312881071,1.6364374051044523
1996-05-31,Equity regime label,1,1.0,1.0,14,0.018578833532739,1.6668405032406357
1996-06-30,Equity regime label,1,1.0,1.0,14,-0.0017367447522828,1.6639456267437398
1996-07-31,Equity regime label,1,0.8571428571428571,0.8571428571428571,14,-0.0500331092163681,1.5806932534707725
1996-08-31,Equity regime label,1,1.0,1.0,14,0.0146565302216474,1.6038607319114209
1996-09-30,Equity regime label,1,1.0,1.0,14,0.0495656387154053,1.6833571134991678
1996-10-31,Equity regime label,1,1.0,1.0,14,0.0218431015287237,1.7201268538384291
1996-11-30,Equity regime label,1,1.0,1.0,14,0.0690078008393535,1.838829025186536
1996-12-31,Equity regime label,1,1.0,1.0,14,-0.0259916302022816,1.7910348611586653
1997-01-31,Equity regime label,1,1.0,1.0,14,0.0565742524513255,1.8923613195429805
1997-02-28,Equity regime label,1,1.0,1.0,14,0.0020199330867978,1.8961837627845015
1997-03-31,Equity regime label,1,1.0,1.0,14,-0.0467231239569598,1.8075881337907471
1997-04-30,Equity regime label,1,1.0,1.0,14,0.0538843602347454,1.9049888639479788
1997-05-31,Equity regime label,1,1.0,1.0,14,0.0534276700311739,2.006767980384053
1997-06-30,Equity regime label,1,1.0,1.0,14,0.0396130147867492,2.086262110064581
1997-07-31,Equity regime label,1,1.0,1.0,14,0.0735218009836635,2.2396478577205072
1997-08-31,Equity regime label,1,1.0,1.0,14,-0.0613063426620688,2.102343238712725
1997-09-30,Equity regime label,1,1.0,1.0,14,0.0485500608701028,2.204412130922077
1997-10-31,Equity regime label,1,1.0,1.0,14,-0.038523626241755,2.1194901819076444
1997-11-30,Equity regime label,1,1.0,1.0,14,0.0405369511033939,2.205407851775758
1997-12-31,Equity regime label,1,1.0,1.0,14,0.0108815455717647,2.229406097819184
1998-01-31,Equity regime label,1,1.0,1.0,14,0.0058260767659235,2.242394788887496
1998-02-28,Equity regime label,1,1.0,1.0,14,0.0663046379611569,2.391075963530666
1998-03-31,Equity regime label,1,1.0,1.0,14,0.0458749964809883,2.500766564943412
1998-04-30,Equity regime label,1,1.0,1.0,14,0.0047568266009665,2.512662277862342
1998-05-31,Equity regime label,1,1.0,1.0,14,-0.0227398151486364,2.4555248021328007
1998-06-30,Equity regime label,1,1.0,1.0,14,0.0352003855467459,2.5419602218874724
1998-07-31,Equity regime label,1,1.0,1.0,14,-0.0155561845393893,2.502417019584004
1998-08-31,Equity regime label,1,1.0,1.0,14,-0.149483061111718,2.128348063318525
1998-09-30,Equity regime label,0,0.2142857142857142,0.7857142857142857,14,0.0575427017350309,2.2508189611143936
1998-10-31,Equity regime label,1,0.9285714285714286,0.9285714285714286,14,0.0768594645858617,2.4238157013453514
1998-11-30,Equity regime label,1,1.0,1.0,14,0.0558616148546686,2.559213960532604
1998-12-31,Equity regime label,1,1.0,1.0,14,0.0523852467494203,2.693279015339665
1999-01-31,Equity regime label,1,1.0,1.0,14,0.0373852740522704,2.793967989427368
1999-02-28,Equity regime label,1,1.0,1.0,14,-0.0356644638207641,2.694322619152062
1999-03-31,Equity regime label,1,1.0,1.0,14,0.034352701863868,2.786879880812869
1999-04-30,Equity regime label,1,1.0,1.0,14,0.034123602925048,2.8819782632655326
1999-05-31,Equity regime label,1,1.0,1.0,14,-0.0282792710920223,2.800478018677331
1999-06-30,Equity regime label,1,1.0,1.0,14,0.0502465009251695,2.9411922400337183
1999-07-31,Equity regime label,1,1.0,1.0,14,-0.0357168761390196,2.836142041095388
1999-08-31,Equity regime label,1,1.0,1.0,14,-0.0101167109990334,2.8074496117134173
1999-09-30,Equity regime label,1,1.0,1.0,14,-0.0323318055591149,2.7166796967504867
1999-10-31,Equity regime label,1,0.5,0.5,14,0.0584223282455262,2.8753944497320005
1999-11-30,Equity regime label,1,1.0,1.0,14,0.0154089510845136,2.919701262156603
1999-12-31,Equity regime label,1,1.0,1.0,14,0.0532205778569585,3.0750894504982687
2000-01-31,Equity regime label,1,1.0,1.0,14,-0.054790338040878,2.906604259999531
2000-02-29,Equity regime label,1,0.7142857142857143,0.7142857142857143,14,-0.024309108535691,2.8359473015729004
2000-03-31,Equity regime label,1,1.0,1.0,14,0.0916082105729498,3.09574335914918
2000-04-30,Equity regime label,1,1.0,1.0,14,-0.035243054043539,2.986639908637758
2000-05-31,Equity regime label,1,0.6428571428571429,0.6428571428571429,14,-0.0267876533265856,2.9066348341538246
2000-06-30,Equity regime label,1,1.0,1.0,14,0.0198575553221873,2.964353496174431
2000-07-31,Equity regime label,1,1.0,1.0,14,-0.0210454989430827,2.9019671978037684
2000-08-31,Equity regime label,1,1.0,1.0,14,0.0554341567818179,3.062835302422516
2000-09-30,Equity regime label,0,0.4285714285714285,0.5714285714285714,14,-0.0583002717330517,2.8842711720176992
2000-10-31,Equity regime label,0,0.0,1.0,14,-0.0104940900728653,2.854003370543977
2000-11-30,Equity regime label,0,0.0,1.0,14,-0.0847564096807088,2.612108291640028
2000-12-31,Equity regime label,0,0.0,1.0,14,-0.0009427953312284,2.6096456081380066
2001-01-31,Equity regime label,0,0.0,1.0,14,0.0290864929082841,2.685551046612248
2001-02-28,Equity regime label,0,0.0,1.0,14,-0.0957453239082363,2.428422091782255
2001-03-31,Equity regime label,0,0.0,1.0,14,-0.0681317984227681,2.2629693273395497
2001-04-30,Equity regime label,0,0.0,1.0,14,0.0726449745111017,2.4273626764435363
2001-05-31,Equity regime label,0,0.0,1.0,14,0.0018842608141531,2.431936460816497
2001-06-30,Equity regime label,0,0.0,1.0,14,-0.0277296893594679,2.364499618216092
2001-07-31,Equity regime label,0,0.0,1.0,14,-0.0137334038919028,2.33202698995688
2001-08-31,Equity regime label,0,0.0,1.0,14,-0.067009533564626,2.1757589490997504
2001-09-30,Equity regime label,0,0.0,1.0,14,-0.0843030444478292,1.992335845706032
2001-10-31,Equity regime label,0,0.0,1.0,14,0.0158654952852252,2.0239452406726666
2001-11-30,Equity regime label,0,0.0,1.0,14,0.0733573350559393,2.172416469827565
2001-12-31,Equity regime label,0,0.0,1.0,14,0.0060651207472548,2.1855924380303944
2002-01-31,Equity regime label,0,0.0,1.0,14,-0.0169425911508241,2.1485628389305127
2002-02-28,Equity regime label,0,0.0,1.0,14,-0.0220478174284409,2.10119171772424
2002-03-31,Equity regime label,0,0.0,1.0,14,0.0353951230211471,2.175563657064105
2002-04-30,Equity regime label,0,0.0,1.0,14,-0.0628276347860273,2.0388781381643275
2002-05-31,Equity regime label,0,0.0,1.0,14,-0.0104675903197456,2.0175359971021374
2002-06-30,Equity regime label,0,0.0,1.0,14,-0.073673666434579,1.868896723031879
2002-07-31,Equity regime label,0,0.0,1.0,14,-0.0803801214098617,1.7186745775320835
2002-08-31,Equity regime label,0,0.0,1.0,14,0.0034764753487117,1.7246495073333317
2002-09-30,Equity regime label,0,0.0,1.0,14,-0.1112761362121077,1.5327371738371631
2002-10-31,Equity regime label,0,0.0,1.0,14,0.0849349322961543,1.662920101924822
2002-11-30,Equity regime label,0,0.0,1.0,14,0.055805970344207,1.7557209718176243
2002-12-31,Equity regime label,0,0.0,1.0,14,-0.0613682578934047,1.6479754344302613
2003-01-31,Equity regime label,0,0.0,1.0,14,-0.0283877633434737,1.6011930978017967
2003-02-28,Equity regime label,0,0.0,1.0,14,-0.017888422821766,1.572550278649025
2003-03-31,Equity regime label,0,0.0,1.0,14,0.0073504601725506,1.5841092468415685
2003-04-30,Equity regime label,0,0.0,1.0,14,0.0799680308579053,1.710787343975288
2003-05-31,Equity regime label,0,0.2142857142857142,0.7857142857142857,14,0.0499558450151507,1.7962511713847988
2003-06-30,Equity regime label,1,0.7857142857142857,0.7857142857142857,14,0.0103123765107804,1.8147747897720488
2003-07-31,Equity regime label,1,0.9285714285714286,0.9285714285714286,14,0.0155133098578168,1.8429279534079372
2003-08-31,Equity regime label,1,0.9285714285714286,0.9285714285714286,14,0.0171617386523947,1.8745558012995172
2003-09-30,Equity regime label,1,1.0,1.0,14,-0.0127346557060855,1.8506839785681228
2003-10-31,Equity regime label,1,1.0,1.0,14,0.0542252097369164,1.9510377054627304
2003-11-30,Equity regime label,1,1.0,1.0,14,0.0064242367170497,1.9635716335265123
2003-12-31,Equity regime label,1,1.0,1.0,14,0.04992735287098,2.061607567361037
2004-01-31,Equity regime label,1,1.0,1.0,14,0.0165653943670462,2.09575890974446
2004-02-29,Equity regime label,1,1.0,1.0,14,0.0116024273909762,2.1200748003237613
2004-03-31,Equity regime label,1,1.0,1.0,14,-0.0172441235583689,2.083515968513994
2004-04-30,Equity regime label,1,1.0,1.0,14,-0.0175685820455137,2.046911547278018
2004-05-31,Equity regime label,1,0.6428571428571429,0.6428571428571429,14,0.0114677568318337,2.0703850311584757
2004-06-30,Equity regime label,1,1.0,1.0,14,0.0171759825916477,2.105945928411661
2004-07-31,Equity regime label,0,0.4285714285714285,0.5714285714285714,14,-0.0352569336434395,2.03169673255698
2004-08-31,Equity regime label,0,0.1428571428571428,0.8571428571428572,14,0.0011860510084233,2.03410642851544
2004-09-30,Equity regime label,1,0.9285714285714286,0.9285714285714286,14,0.0082552413901639,2.0508984680961198
2004-10-31,Equity regime label,1,1.0,1.0,14,0.0129007047342457,2.077356503672944
2004-11-30,Equity regime label,1,1.0,1.0,14,0.0370420407723317,2.154306027980666
2004-12-31,Equity regime label,1,1.0,1.0,14,0.0308110801945633,2.220682523772409
2005-01-31,Equity regime label,1,1.0,1.0,14,-0.0268496415760987,2.161057993954814
2005-02-28,Equity regime label,1,1.0,1.0,14,0.0172771729953524,2.1983949667693605
2005-03-31,Equity regime label,1,1.0,1.0,14,-0.0211752212500818,2.151843466952953
2005-04-30,Equity regime label,0,0.2857142857142857,0.7142857142857143,14,-0.022164328315202,2.1041493018684854
2005-05-31,Equity regime label,0,0.2857142857142857,0.7142857142857143,14,0.0274891889234509,2.161990659550696
2005-06-30,Equity regime label,1,1.0,1.0,14,-0.0024373545275214,2.156721121828181
2005-07-31,Equity regime label,1,1.0,1.0,14,0.0334918736466716,2.228953753131558
2005-08-31,Equity regime label,1,1.0,1.0,14,-0.0141813662586381,2.197344143584833
2005-09-30,Equity regime label,1,1.0,1.0,14,0.0040377445177663,2.20621645785424
2005-10-31,Equity regime label,0,0.1428571428571428,0.8571428571428572,14,-0.020388404901516,2.161235223411119
2005-11-30,Equity regime label,1,1.0,1.0,14,0.0319917109157656,2.230376835899458
2005-12-31,Equity regime label,1,1.0,1.0,14,-0.0041398121728725,2.2211434947241084
2006-01-31,Equity regime label,1,1.0,1.0,14,0.0219019868575409,2.2697909503542686
2006-02-28,Equity regime label,1,1.0,1.0,14,-0.0029452899688248,2.2631057578368607
2006-03-31,Equity regime label,1,1.0,1.0,14,0.0073385976099329,2.279713780342348
2006-04-30,Equity regime label,1,1.0,1.0,14,0.0085576948856189,2.2992228753010586
2006-05-31,Equity regime label,1,1.0,1.0,14,-0.0350729654232345,2.218582310895315
2006-06-30,Equity regime label,0,0.0,1.0,14,-0.0038986955652497,2.209932733878686
2006-07-31,Equity regime label,0,0.0,1.0,14,0.0010815593921986,2.21232290738314
2006-08-31,Equity regime label,1,0.6428571428571429,0.6428571428571429,14,0.0170059329179452,2.249945522338931
2006-09-30,Equity regime label,1,0.9285714285714286,0.9285714285714286,14,0.0203868654850856,2.2958148590516254
2006-10-31,Equity regime label,1,1.0,1.0,14,0.0273012185202872,2.358493402200716
2006-11-30,Equity regime label,1,1.0,1.0,14,0.0122176989672238,2.387308764604988
2006-12-31,Equity regime label,1,1.0,1.0,14,0.0085831107686331,2.407799300170521
2007-01-31,Equity regime label,1,1.0,1.0,14,0.0096188430193002,2.430959543660842
2007-02-28,Equity regime label,1,1.0,1.0,14,-0.0255542440090255,2.368838210306064
2007-03-31,Equity regime label,1,0.9285714285714286,0.9285714285714286,14,0.0056565862370028,2.3822377479241674
2007-04-30,Equity regime label,1,1.0,1.0,14,0.0387289130940013,2.474499226632772
2007-05-31,Equity regime label,1,1.0,1.0,14,0.028338341289531,2.544622430237772
2007-06-30,Equity regime label,1,1.0,1.0,14,-0.021733616482882,2.4893185822452453
2007-07-31,Equity regime label,1,1.0,1.0,14,-0.0358388425208426,2.4001042855919508
2007-08-31,Equity regime label,0,0.2142857142857142,0.7857142857142857,14,0.0086215299294507,2.420796856523985
2007-09-30,Equity regime label,1,1.0,1.0,14,0.0324954260237653,2.4994616816937234
2007-10-31,Equity regime label,1,1.0,1.0,14,0.0115867619490781,2.5284223492003512
2007-11-30,Equity regime label,0,0.1428571428571428,0.8571428571428572,14,-0.0472905591988294,2.408851842415849
2007-12-31,Equity regime label,0,0.1428571428571428,0.8571428571428572,14,-0.011299656709151,2.381632643533344
2008-01-31,Equity regime label,0,0.0,1.0,14,-0.0631372332074123,2.231262947904193
2008-02-29,Equity regime label,0,0.0,1.0,14,-0.036016743620361,2.1509001223599173
2008-03-31,Equity regime label,0,0.0,1.0,14,-0.0076474925902793,2.134451129611739
2008-04-30,Equity regime label,0,0.0,1.0,14,0.045668184851956,2.2319276383563142
2008-05-31,Equity regime label,0,0.0,1.0,14,0.0088588993306768,2.251700060617868
2008-06-30,Equity regime label,0,0.0,1.0,14,-0.0875204979086951,2.0546301501715534
2008-07-31,Equity regime label,0,0.0,1.0,14,-0.0113432804198443,2.0313239042190907
2008-08-31,Equity regime label,0,0.0,1.0,14,0.010876933528148,2.05341847929942
2008-09-30,Equity regime label,0,0.0,1.0,14,-0.092160293299596,1.864174829980375
2008-10-31,Equity regime label,0,0.0,1.0,14,-0.1700946682443626,1.5470886307253722
2008-11-30,Equity regime label,0,0.0,1.0,14,-0.0751279011955686,1.430859108935449
2008-12-31,Equity regime label,0,0.0,1.0,14,0.0078215656520574,1.442050667394832
2009-01-31,Equity regime label,0,0.0,1.0,14,-0.0856573484638802,1.318528430875222
2009-02-28,Equity regime label,0,0.0,1.0,14,-0.1100207927543395,1.1734628876411948
2009-03-31,Equity regime label,0,0.0,1.0,14,0.0851881797162774,1.2734280550039547
2009-04-30,Equity regime label,0,0.0,1.0,14,0.0938161413540965,1.392896161416478
2009-05-31,Equity regime label,0,0.0,1.0,14,0.0530814266564312,1.4668330768487312
2009-06-30,Equity regime label,0,0.0,1.0,14,9.581813981873744e-05,1.4669736260655797
2009-07-31,Equity regime label,1,0.6428571428571429,0.6428571428571429,14,0.0740346930513415,1.5755805681857582
2009-08-31,Equity regime label,1,0.8571428571428571,0.8571428571428571,14,0.0334671100972778,1.628310696528363
2009-09-30,Equity regime label,1,1.0,1.0,14,0.035609842808786,1.6862945844756028
2009-10-31,Equity regime label,1,1.0,1.0,14,-0.0197525258258598,1.6529860071457407
2009-11-30,Equity regime label,1,1.0,1.0,14,0.057353792704111,1.7477910239423735
2009-12-31,Equity regime label,1,1.0,1.0,14,0.017668909709954,1.7786725857362795
2010-01-31,Equity regime label,1,1.0,1.0,14,-0.0369742623979911,1.7129074788311534
2010-02-28,Equity regime label,1,1.0,1.0,14,0.0285136934638272,1.761748797614442
2010-03-31,Equity regime label,1,1.0,1.0,14,0.0586907595725714,1.8651471727224984
2010-04-30,Equity regime label,1,1.0,1.0,14,0.0146579273263658,1.8924863644332413
2010-05-31,Equity regime label,1,1.0,1.0,14,-0.0820681210626511,1.7371735643675177
2010-06-30,Equity regime label,0,0.1428571428571428,0.8571428571428572,14,-0.0539772297213705,1.6434057478177602
2010-07-31,Equity regime label,0,0.1428571428571428,0.8571428571428572,14,0.0686712951830936,1.7562605490317464
2010-08-31,Equity regime label,0,0.0714285714285714,0.9285714285714286,14,-0.0475446271988098,1.672759795964055
2010-09-30,Equity regime label,1,1.0,1.0,14,0.0874427879596726,1.8190305761100047
2010-10-31,Equity regime label,1,1.0,1.0,14,0.0367524414239215,1.8858843908068104
2010-11-30,Equity regime label,1,1.0,1.0,14,-0.0023900592548554,1.8813770153649756
2010-12-31,Equity regime label,1,1.0,1.0,14,0.0651938564488341,2.0040312384308154
2011-01-31,Equity regime label,1,1.0,1.0,14,0.0225434475740617,2.0492090115911625
2011-02-28,Equity regime label,1,1.0,1.0,14,0.0318535646327502,2.114483623287896
2011-03-31,Equity regime label,1,1.0,1.0,14,-0.0011471972642426,2.112057893459974
2011-04-30,Equity regime label,1,1.0,1.0,14,0.0284953576250357,2.172241738458896
2011-05-31,Equity regime label,1,1.0,1.0,14,-0.0135009276846017,2.142914459834489
2011-06-30,Equity regime label,1,1.0,1.0,14,-0.0182575081772226,2.103790181560972
2011-07-31,Equity regime label,1,1.0,1.0,14,-0.0214744366367819,2.058612472609957
2011-08-31,Equity regime label,0,0.0714285714285714,0.9285714285714286,14,-0.0568856899366417,1.941506881793364
2011-09-30,Equity regime label,0,0.0,1.0,14,-0.0717620129790221,1.802180439743248
2011-10-31,Equity regime label,1,0.7142857142857143,0.7142857142857143,14,0.107723038305846,1.996316792287756
2011-11-30,Equity regime label,1,0.7142857142857143,0.7142857142857143,14,-0.0050586451767336,1.9862181339752172
2011-12-31,Equity regime label,1,0.9285714285714286,0.9285714285714286,14,0.0085407711554497,2.003181968522304
2012-01-31,Equity regime label,1,1.0,1.0,14,0.0435747171221603,2.090470056144876
2012-02-29,Equity regime label,1,1.0,1.0,14,0.0405894499432344,2.1753210858465986
2012-03-31,Equity regime label,1,1.0,1.0,14,0.0313323765450181,2.243479065214662
2012-04-30,Equity regime label,1,1.0,1.0,14,-0.0074974972842871,2.22665858701586
2012-05-31,Equity regime label,1,1.0,1.0,14,-0.0627446761787436,2.086947615012931
2012-06-30,Equity regime label,1,1.0,1.0,14,0.0395549212793728,2.1694966636389426
2012-07-31,Equity regime label,1,1.0,1.0,14,0.0125976390438713,2.196827199514349
2012-08-31,Equity regime label,1,1.0,1.0,14,0.019661480238966,2.2400200740860234
2012-09-30,Equity regime label,1,1.0,1.0,14,0.024133802768754,2.2940802767520654
2012-10-31,Equity regime label,1,1.0,1.0,14,-0.0198875107311168,2.248456730630115
2012-11-30,Equity regime label,1,1.0,1.0,14,0.00274643681139,2.254631974963936
2012-12-31,Equity regime label,1,1.0,1.0,14,0.0069676461321102,2.270341452723625
2013-01-31,Equity regime label,1,1.0,1.0,14,0.0504280635819911,2.3848303758544023
2013-02-28,Equity regime label,1,1.0,1.0,14,0.0110606030264803,2.41120803792722
2013-03-31,Equity regime label,1,1.0,1.0,14,0.0359877994031738,2.497982109115465
2013-04-30,Equity regime label,1,1.0,1.0,14,0.0180857639928881,2.543160023999385
2013-05-31,Equity regime label,1,1.0,1.0,14,0.0207627834774062,2.595963104926079
2013-06-30,Equity regime label,1,1.0,1.0,14,-0.0149993254596072,2.55702540943416
2013-07-31,Equity regime label,1,1.0,1.0,14,0.0494621112134878,2.683501284611307
2013-08-31,Equity regime label,1,1.0,1.0,14,-0.031298013323605,2.599513025651631
2013-09-30,Equity regime label,1,1.0,1.0,14,0.0297494748831887,2.6768471731167764
2013-10-31,Equity regime label,1,1.0,1.0,14,0.0445957598644104,2.7962232068428183
2013-11-30,Equity regime label,1,1.0,1.0,14,0.0280494608719417,2.8746557602723715
2013-12-31,Equity regime label,1,1.0,1.0,14,0.0235628332991837,2.942390794744208
2014-01-31,Equity regime label,1,1.0,1.0,14,-0.0355828951070134,2.837692011730983
2014-02-28,Equity regime label,1,1.0,1.0,14,0.0431170375689302,2.960044884809841
2014-03-31,Equity regime label,1,1.0,1.0,14,0.0069321573583582,2.9805643817391463
2014-04-30,Equity regime label,1,1.0,1.0,14,0.0062007968638171,2.9990462560098394
2014-05-31,Equity regime label,1,1.0,1.0,14,0.0210302821200132,3.062117044864696
2014-06-30,Equity regime label,1,1.0,1.0,14,0.0190583134484321,3.1204758313215137
2014-07-31,Equity regime label,1,1.0,1.0,14,-0.0150798630772917,3.073419483049187
2014-08-31,Equity regime label,1,1.0,1.0,14,0.0376553217276911,3.1891500824875587
2014-09-30,Equity regime label,1,1.0,1.0,14,-0.0155138591473366,3.1396740573081297
2014-10-31,Equity regime label,1,1.0,1.0,14,0.0232014561753086,3.2125190673535178
2014-11-30,Equity regime label,1,1.0,1.0,14,0.0245335844007827,3.2913336750315594
2014-12-31,Equity regime label,1,1.0,1.0,14,-0.0041885120625276,3.2775478842318866
2015-01-31,Equity regime label,1,1.0,1.0,14,-0.0310408470542526,3.175810021644456
2015-02-28,Equity regime label,1,1.0,1.0,14,0.0548925057268454,3.350138191444947
2015-03-31,Equity regime label,1,1.0,1.0,14,-0.0173960560703254,3.291858999623232
2015-04-30,Equity regime label,1,1.0,1.0,14,0.0085207627098162,3.319908149033195
2015-05-31,Equity regime label,1,1.0,1.0,14,0.0104914385450078,3.354738761353848
2015-06-30,Equity regime label,1,1.0,1.0,14,-0.0210117728564716,3.28424975250748
2015-07-31,Equity regime label,1,1.0,1.0,14,0.0197420399300087,3.349087542261604
2015-08-31,Equity regime label,1,1.0,1.0,14,-0.0625808046239259,3.1394989491109064
2015-09-30,Equity regime label,0,0.0714285714285714,0.9285714285714286,14,-0.0264428196209273,3.056481744699476
2015-10-31,Equity regime label,1,0.9285714285714286,0.9285714285714286,14,0.0829830783893996,3.3101180089156417
2015-11-30,Equity regime label,1,1.0,1.0,14,0.000504963065558,3.3117894962527825
2015-12-31,Equity regime label,1,1.0,1.0,14,-0.0176285212987867,3.2534075445809925
2016-01-31,Equity regime label,0,0.1428571428571428,0.8571428571428572,14,-0.0508305328748239,3.0880351054309685
2016-02-29,Equity regime label,0,0.0,1.0,14,-0.0043275458838287,3.0746714918213423
2016-03-31,Equity regime label,1,0.8571428571428571,0.8571428571428571,14,0.0657785642465123,3.276918968083032
2016-04-30,Equity regime label,1,1.0,1.0,14,0.0025991203516677,3.285436074863743
2016-05-31,Equity regime label,1,1.0,1.0,14,0.0152280399509152,3.3354668266679464
2016-06-30,Equity regime label,1,1.0,1.0,14,0.0007059255151471,3.3378214178058183
2016-07-31,Equity regime label,1,1.0,1.0,14,0.0354030844288393,3.455990591268786
2016-08-31,Equity regime label,1,1.0,1.0,14,-0.001418905321315,3.4510868678284203
2016-09-30,Equity regime label,1,1.0,1.0,14,-0.0014342174493495,3.44613725882336
2016-10-31,Equity regime label,1,1.0,1.0,14,-0.0196218874199201,3.378517541497136
2016-11-30,Equity regime label,1,1.0,1.0,14,0.0340712023452711,3.493627696280533
2016-12-31,Equity regime label,1,1.0,1.0,14,0.0178956395257521,3.556148398170353
2017-01-31,Equity regime label,1,1.0,1.0,14,0.0174776995629435,3.618301691474817
2017-02-28,Equity regime label,1,1.0,1.0,14,0.0367843330249519,3.751398505878774
2017-03-31,Equity regime label,1,1.0,1.0,14,-0.0006890361842921,3.748813656566525
2017-04-30,Equity regime label,1,1.0,1.0,14,0.0085871451871852,3.781005263715164
2017-05-31,Equity regime label,1,1.0,1.0,14,0.0109699219688641,3.822482596421984
2017-06-30,Equity regime label,1,1.0,1.0,14,0.0042114141538125,3.838580653731258
2017-07-31,Equity regime label,1,1.0,1.0,14,0.0186363773619488,3.91011789132847
2017-08-31,Equity regime label,1,1.0,1.0,14,-0.0003532184620603,3.908736765500421
2017-09-30,Equity regime label,1,1.0,1.0,14,0.0183871758804281,3.980607395877973
2017-10-31,Equity regime label,1,1.0,1.0,14,0.0212699070543933,4.065274545208329
2017-11-30,Equity regime label,1,1.0,1.0,14,0.0272618380136648,4.1761014013408735
2017-12-31,Equity regime label,1,1.0,1.0,14,0.0089239862684635,4.213368872902151
2018-01-31,Equity regime label,1,1.0,1.0,14,0.0550211417380992,4.445193238852995
2018-02-28,Equity regime label,1,1.0,1.0,14,-0.0400057972545987,4.267359739381929
2018-03-31,Equity regime label,1,1.0,1.0,14,-0.0280525225638313,4.147649534004932
2018-04-30,Equity regime label,1,1.0,1.0,14,0.0013169656104896,4.15311184580558
2018-05-31,Equity regime label,1,1.0,1.0,14,0.0201813676789348,4.236927322977523
2018-06-30,Equity regime label,1,1.0,1.0,14,0.0034377961287015,4.251493015326044
2018-07-31,Equity regime label,1,1.0,1.0,14,0.0343692353509303,4.397613579362622
2018-08-31,Equity regime label,1,1.0,1.0,14,0.028619431537443,4.52347078012532
2018-09-30,Equity regime label,1,1.0,1.0,14,0.0027903271144951,4.536092743294731
2018-10-31,Equity regime label,1,0.9285714285714286,0.9285714285714286,14,-0.0711739782357077,4.21324097710832
2018-11-30,Equity regime label,0,0.2142857142857142,0.7857142857142857,14,0.0160317877644653,4.280786762253869
2018-12-31,Equity regime label,0,0.0,1.0,14,-0.0935085051298929,3.880496791335675
2019-01-31,Equity regime label,0,0.0,1.0,14,0.0764316748911912,4.177089660507354
2019-02-28,Equity regime label,1,0.8571428571428571,0.8571428571428571,14,0.0278813983044716,4.29355276108545
2019-03-31,Equity regime label,1,1.0,1.0,14,0.0159953057709887,4.362229450342885
2019-04-30,Equity regime label,1,1.0,1.0,14,0.0371392095464582,4.5242392039889
2019-05-31,Equity regime label,1,1.0,1.0,14,-0.067741800593207,4.217759093996315
2019-06-30,Equity regime label,1,1.0,1.0,14,0.0670157395374981,4.500415338871486
2019-07-31,Equity regime label,1,1.0,1.0,14,0.0112078488275704,4.550855313650836
2019-08-31,Equity regime label,1,1.0,1.0,14,-0.0196617671001396,4.461377456367401
2019-09-30,Equity regime label,1,1.0,1.0,14,0.0153548951867674,4.52988143959853
2019-10-31,Equity regime label,1,1.0,1.0,14,0.018904585644546,4.61551697123306
2019-11-30,Equity regime label,1,1.0,1.0,14,0.0328096848333097,4.766950628402008
2019-12-31,Equity regime label,1,1.0,1.0,14,0.0271536069187894,4.8963905319669125
2020-01-31,Equity regime label,1,1.0,1.0,14,-0.0029245037321502,4.88207101958211
2020-02-29,Equity regime label,1,1.0,1.0,14,-0.0852135059018878,4.466052631941515
2020-03-31,Equity regime label,0,0.0,1.0,14,-0.1261761410006624,3.9025433453372815
2020-04-30,Equity regime label,0,0.0,1.0,14,0.1268441029331533,4.397557955134337
2020-05-31,Equity regime label,1,0.7142857142857143,0.7142857142857143,14,0.0451774775837425,4.596228531075627
2020-06-30,Equity regime label,1,1.0,1.0,14,0.0182866411609914,4.680278112917318
2020-07-31,Equity regime label,1,1.0,1.0,14,0.0549960502859876,4.937674923367726
2020-08-31,Equity regime label,1,1.0,1.0,14,0.0699580341873158,5.283104954462537
2020-09-30,Equity regime label,1,1.0,1.0,14,-0.0393242166397383,5.075350990702778
2020-10-31,Equity regime label,1,1.0,1.0,14,-0.0277631309479187,4.934443356541248
2020-11-30,Equity regime label,1,1.0,1.0,14,0.1074354728050301,5.464577611580897
2020-12-31,Equity regime label,1,1.0,1.0,14,0.0370178746368969,5.666864660549993
2021-01-31,Equity regime label,1,1.0,1.0,14,-0.0111366401584632,5.603754827998736
2021-02-28,Equity regime label,1,1.0,1.0,14,0.0260914749719991,5.749965056842684
2021-03-31,Equity regime label,1,1.0,1.0,14,0.0424386340081073,5.993985719449436
2021-04-30,Equity regime label,1,1.0,1.0,14,0.052425312555848,6.308222294246863
2021-05-31,Equity regime label,1,1.0,1.0,14,0.0054865025818129,6.342832372150898
2021-06-30,Equity regime label,1,1.0,1.0,14,0.0222139763231701,6.483731900287695
2021-07-31,Equity regime label,1,1.0,1.0,14,0.0227481093659105,6.6312245426546825
2021-08-31,Equity regime label,1,1.0,1.0,14,0.0289903213916806,6.823465873366643
2021-09-30,Equity regime label,1,1.0,1.0,14,-0.0475691404211656,6.498879467077434
2021-10-31,Equity regime label,1,1.0,1.0,14,0.0691438733012339,6.948237165549027
2021-11-30,Equity regime label,1,1.0,1.0,14,-0.0083337314184719,6.890332423179497
2021-12-31,Equity regime label,1,1.0,1.0,14,0.0435087202110884,7.190121968741004
2022-01-31,Equity regime label,1,1.0,1.0,14,-0.0525850891069992,6.812028764324566
2022-02-28,Equity regime label,1,1.0,1.0,14,-0.0313605208667825,6.598399994115843
2022-03-31,Equity regime label,1,1.0,1.0,14,0.0357732387732803,6.83444613262696
2022-04-30,Equity regime label,1,1.0,1.0,14,-0.0879567191490392,6.233310673600253
2022-05-31,Equity regime label,0,0.0,1.0,14,-0.0002467417984173,6.231772655314555
2022-06-30,Equity regime label,0,0.0,1.0,14,-0.0844717154294854,5.705364128953575
2022-07-31,Equity regime label,0,0.0,1.0,14,0.0902478509465769,6.220260980459324
2022-08-31,Equity regime label,1,0.7142857142857143,0.7142857142857143,14,-0.0442597374868285,5.944953862364632
2022-09-30,Equity regime label,0,0.0,1.0,14,-0.0951233662707677,5.379449838652106
2022-10-31,Equity regime label,0,0.0,1.0,14,0.0773938771949123,5.795786318840938
2022-11-30,Equity regime label,0,0.0,1.0,14,0.0507125377118828,6.089705351105174
2022-12-31,Equity regime label,0,0.0,1.0,14,-0.0620762609982094,5.711679212327777
2023-01-31,Equity regime label,0,0.0,1.0,14,0.0580598821464357,6.043298634253775
2023-02-28,Equity regime label,1,0.6428571428571429,0.6428571428571429,14,-0.0294177737857761,5.865518242111407
2023-03-31,Equity regime label,0,0.0,1.0,14,0.0313434939102061,6.049364077413229
2023-04-30,Equity regime label,1,0.7142857142857143,0.7142857142857143,14,0.0111054573842519,6.116545032376767
2023-05-31,Equity regime label,1,0.7857142857142857,0.7857142857142857,14,-0.0011139596770545,6.10973144784781
2023-06-30,Equity regime label,1,1.0,1.0,14,0.0604973020580998,6.479353716742131
2023-07-31,Equity regime label,1,1.0,1.0,14,0.0265255481474167,6.651222125719718
2023-08-31,Equity regime label,1,1.0,1.0,14,-0.0221213048703904,6.504088413315985
2023-09-30,Equity regime label,1,1.0,1.0,14,-0.052803414708376,6.160650335527718
2023-10-31,Equity regime label,0,0.0714285714285714,0.9285714285714286,14,-0.0265606405485632,5.997019516420381
2023-11-30,Equity regime label,1,1.0,1.0,14,0.0844260980889484,6.5033244743550265
2023-12-31,Equity regime label,1,1.0,1.0,14,0.0397668203636094,6.761941010492968
2024-01-31,Equity regime label,1,1.0,1.0,14,0.0111457632832636,6.837308004331315
2024-02-29,Equity regime label,1,1.0,1.0,14,0.0473318785814862,7.160930636616549
2024-03-31,Equity regime label,1,1.0,1.0,14,0.0266100651697691,7.351483467533112
2024-04-30,Equity regime label,1,1.0,1.0,14,-0.0461081379855766,7.012520253413411
2024-05-31,Equity regime label,1,1.0,1.0,14,0.0434389016383125,7.317136430938111
2024-06-30,Equity regime label,1,1.0,1.0,14,0.030451553034773,7.539954599027493
2024-07-31,Equity regime label,1,1.0,1.0,14,0.0067920007435557,7.591165976270465
2024-08-31,Equity regime label,1,1.0,1.0,14,0.017952123576342,7.727443525964995
2024-09-30,Equity regime label,1,1.0,1.0,14,0.0161354378599953,7.852129210794827
2024-10-31,Equity regime label,1,1.0,1.0,14,-0.0137455818904651,7.744197125713333
2024-11-30,Equity regime label,1,1.0,1.0,14,0.0530997420302781,8.155411995320332
1989-01-31,Bond regime label,1,1.0,1.0,30,0.0088882817681151,1.008888281768115
1989-02-28,Bond regime label,1,1.0,1.0,30,-0.0133484366117112,0.9954212004906352
1989-03-31,Bond regime label,1,1.0,1.0,30,-0.0023764495347172,0.9930556322418816
1989-04-30,Bond regime label,1,1.0,1.0,30,0.0142259892804196,1.007182831021015
1989-05-31,Bond regime label,1,1.0,1.0,30,0.0183775760960625,1.0256924101407512
1989-06-30,Bond regime label,1,1.0,1.0,30,0.023348151070719,1.0496404314848071
1989-07-31,Bond regime label,1,1.0,1.0,30,0.014256931608133,1.0646050833296177
1989-08-31,Bond regime label,1,1.0,1.0,30,-0.0222157724628312,1.0409540590355932
1989-09-30,Bond regime label,1,1.0,1.0,30,-0.0013821584168809,1.0395152956213107
1989-10-31,Bond regime label,1,1.0,1.0,30,0.0178233386427134,1.0580429287594495
1989-11-30,Bond regime label,1,1.0,1.0,30,0.0026310907237513,1.0608267356946393
1989-12-31,Bond regime label,1,1.0,1.0,30,-0.0034241783207955,1.0571942757841537
1990-01-31,Bond regime label,1,1.0,1.0,30,-0.0175831822759314,1.0386054361319694
1990-02-28,Bond regime label,1,1.0,1.0,30,-0.0024641663269466,1.0360461395892693
1990-03-31,Bond regime label,1,1.0,1.0,30,-0.0056634920634919,1.030178500500294
1990-04-30,Bond regime label,1,1.0,1.0,30,-0.016061506446046,1.0136322818739305
1990-05-31,Bond regime label,1,1.0,1.0,30,0.0228083805035474,1.0367515926495905
1990-06-30,Bond regime label,1,1.0,1.0,30,0.0097451752531156,1.0468549186139071
1990-07-31,Bond regime label,1,1.0,1.0,30,0.0070331211438644,1.0542175760765693
1990-08-31,Bond regime label,1,1.0,1.0,30,-0.0199545847521069,1.0331811021075887
1990-09-30,Bond regime label,1,1.0,1.0,30,0.002272958684159,1.0355294800659332
1990-10-31,Bond regime label,1,1.0,1.0,30,0.0058960236927708,1.0416349864149643
1990-11-30,Bond regime label,1,1.0,1.0,30,0.0158259965961118,1.0581198981643587
1990-12-31,Bond regime label,1,1.0,1.0,30,0.0095813680628886,1.0682581343633375
1991-01-31,Bond regime label,1,1.0,1.0,30,0.007161653457797,1.0759086289251207
1991-02-28,Bond regime label,1,1.0,1.0,30,0.0037360843565984,1.0799283143227771
1991-03-31,Bond regime label,1,1.0,1.0,30,0.0024796958450259,1.0826062080767291
1991-04-30,Bond regime label,1,1.0,1.0,30,0.0055334082531691,1.088596710203433
1991-05-31,Bond regime label,1,1.0,1.0,30,0.00114782318673,1.0898462267484024
1991-06-30,Bond regime label,1,1.0,1.0,30,-0.0047084333620709,1.084714758414853
1991-07-31,Bond regime label,1,1.0,1.0,30,0.0089673862078118,1.0944418145788726
1991-08-31,Bond regime label,1,1.0,1.0,30,0.0170400165790449,1.1130911212440966
1991-09-30,Bond regime label,1,1.0,1.0,30,0.0156634894198534,1.1305260122450362
1991-10-31,Bond regime label,1,1.0,1.0,30,0.0069338997949017,1.1383649663294733
1991-11-30,Bond regime label,1,1.0,1.0,30,0.0052691849153454,1.1443632218382145
1991-12-31,Bond regime label,1,1.0,1.0,30,0.0258982997313206,1.17400028355888
1992-01-31,Bond regime label,1,1.0,1.0,30,-0.0170042226869833,1.1540373213026631
1992-02-29,Bond regime label,1,1.0,1.0,30,0.0037021606558699,1.1583097528689954
1992-03-31,Bond regime label,1,1.0,1.0,30,-0.009037589278549,1.1478414250652278
1992-04-30,Bond regime label,1,1.0,1.0,30,0.0040231301575771,1.152459340518524
1992-05-31,Bond regime label,1,1.0,1.0,30,0.0160698143066043,1.1709791481165683
1992-06-30,Bond regime label,1,1.0,1.0,30,0.0105624599414112,1.1833475684607773
1992-07-31,Bond regime label,1,1.0,1.0,30,0.0173022264026531,1.2038221160033145
1992-08-31,Bond regime label,1,1.0,1.0,30,0.0075301910101683,1.2128871264790846
1992-09-30,Bond regime label,1,1.0,1.0,30,0.0092725069616918,1.2241336308031083
1992-10-31,Bond regime label,1,1.0,1.0,30,-0.015576557764183,1.2050658425918246
1992-11-30,Bond regime label,1,1.0,1.0,30,-0.0020738622444172,1.2025667020388366
1992-12-31,Bond regime label,1,1.0,1.0,30,0.0131014262298171,1.2183220409720328
1993-01-31,Bond regime label,1,1.0,1.0,30,0.0168762022217687,1.238882690106715
1993-02-28,Bond regime label,1,1.0,1.0,30,0.0153052315530888,1.2578440765459118
1993-03-31,Bond regime label,1,1.0,1.0,30,0.0016668902122788,1.259940764525679
1993-04-30,Bond regime label,1,1.0,1.0,30,0.0045634906500444,1.2656904924242018
1993-05-31,Bond regime label,1,1.0,1.0,30,-0.0009265877858544,1.2645177190732495
1993-06-30,Bond regime label,1,1.0,1.0,30,0.0156230459435111,1.2842733374947148
1993-07-31,Bond regime label,1,1.0,1.0,30,0.0032558927115319,1.2884547936938786
1993-08-31,Bond regime label,1,1.0,1.0,30,0.0150278185111704,1.3078174584933575
1993-09-30,Bond regime label,1,1.0,1.0,30,0.0001466472253776,1.3080092462949455
1993-10-31,Bond regime label,1,1.0,1.0,30,0.0015367059499857,1.3100192718863637
1993-11-30,Bond regime label,1,1.0,1.0,30,-0.0110068391617815,1.2956001004618765
1993-12-31,Bond regime label,1,1.0,1.0,30,0.0031197319016631,1.2996420254270853
1994-01-31,Bond regime label,1,1.0,1.0,30,0.011001639122647,1.31394021797946
1994-02-28,Bond regime label,0,0.1333333333333333,0.8666666666666667,30,-0.0194733264418026,1.288353431189733
1994-03-31,Bond regime label,0,0.0,1.0,30,-0.0273542801391362,1.2531114505147516
1994-04-30,Bond regime label,0,0.0333333333333333,0.9666666666666668,30,-0.0106851083817543,1.2397218188515842
1994-05-31,Bond regime label,0,0.0,1.0,30,-0.0033402942672256,1.2355807831671195
1994-06-30,Bond regime label,0,0.0333333333333333,0.9666666666666668,30,-0.0053099447513812,1.229019917472634
1994-07-31,Bond regime label,0,0.0,1.0,30,0.0170632424546048,1.249990982306008
1994-08-31,Bond regime label,0,0.0,1.0,30,-0.0024590272152226,1.2469172204617347
1994-09-30,Bond regime label,0,0.0,1.0,30,-0.018418286825842,1.2239511414471889
1994-10-31,Bond regime label,0,0.0,1.0,30,-0.0046910475924243,1.218209528391858
1994-11-30,Bond regime label,0,0.0,1.0,30,-0.0059208621141907,1.2109966777480563
1994-12-31,Bond regime label,0,0.0,1.0,30,0.0025052543026393,1.2140305323854663
1995-01-31,Bond regime label,0,0.0,1.0,30,0.015590433753394,1.23295779497522
1995-02-28,Bond regime label,0,0.4333333333333333,0.5666666666666667,30,0.019775794091041,1.257340514451594
1995-03-31,Bond regime label,1,0.9666666666666668,0.9666666666666668,30,0.0015351738854988,1.2592707507745595
1995-04-30,Bond regime label,1,1.0,1.0,30,0.0095685169842584,1.2713201043411255
1995-05-31,Bond regime label,1,1.0,1.0,30,0.0332972366120308,1.3136515506650035
1995-06-30,Bond regime label,1,1.0,1.0,30,0.002631539780683,1.3171084769785346
1995-07-31,Bond regime label,1,1.0,1.0,30,-0.0067334327705498,1.3082398155972783
1995-08-31,Bond regime label,1,1.0,1.0,30,0.0073687496086655,1.3178799072265013
1995-09-30,Bond regime label,1,1.0,1.0,30,0.0054285592761582,1.3250340964217382
1995-10-31,Bond regime label,1,1.0,1.0,30,0.0083047178481711,1.3360381307317268
1995-11-30,Bond regime label,1,1.0,1.0,30,0.0107849545612628,1.3504472412637831
1995-12-31,Bond regime label,1,1.0,1.0,30,0.0091337286216554,1.3627818598833497
1996-01-31,Bond regime label,1,1.0,1.0,30,0.0023406135221697,1.3659716055323603
1996-02-29,Bond regime label,1,0.5333333333333333,0.5333333333333333,30,-0.0212822937038442,1.336900596632309
1996-03-31,Bond regime label,0,0.0666666666666666,0.9333333333333332,30,-0.0108511488704382,1.3223936892332742
1996-04-30,Bond regime label,0,0.0,1.0,30,-0.010223775407948,1.3088738331536656
1996-05-31,Bond regime label,0,0.0,1.0,30,-0.0062305942872614,1.3007187713260724
1996-06-30,Bond regime label,0,0.0,1.0,30,0.0094291915355397,1.312983497754778
1996-07-31,Bond regime label,0,0.0,1.0,30,-0.001763492913339,1.3106680606611565
1996-08-31,Bond regime label,0,0.0,1.0,30,-0.0057759859395162,1.3030976603714044
1996-09-30,Bond regime label,0,0.4,0.6,30,0.0130268310800773,1.3200728934739068
1996-10-31,Bond regime label,1,0.9666666666666668,0.9666666666666668,30,0.0179514828497582,1.3437701593815343
1996-11-30,Bond regime label,1,1.0,1.0,30,0.0130285714285713,1.361277564886619
1996-12-31,Bond regime label,1,0.5333333333333333,0.5333333333333333,30,-0.0138978833972386,1.342358688018548
1997-01-31,Bond regime label,1,0.5,0.5,30,-0.0014377773367169,1.34042867511917
1997-02-28,Bond regime label,1,0.5,0.5,30,-0.001412472969344,1.3385353558482307
1997-03-31,Bond regime label,0,0.0333333333333333,0.9666666666666668,30,-0.0153815040392505,1.3179466688655714
1997-04-30,Bond regime label,0,0.0,1.0,30,0.0106694196142167,1.3320083949048571
1997-05-31,Bond regime label,0,0.3666666666666666,0.6333333333333333,30,0.0045531765763488,1.3380732643280382
1997-06-30,Bond regime label,1,0.9333333333333332,0.9333333333333332,30,0.0081693123312834,1.3490044027464738
1997-07-31,Bond regime label,1,1.0,1.0,30,0.0226668174754877,1.3795820393171574
1997-08-31,Bond regime label,1,0.5666666666666667,0.5666666666666667,30,-0.0126297268344938,1.362158295014808
1997-09-30,Bond regime label,1,1.0,1.0,30,0.0103481868643897,1.3762541635904997
1997-10-31,Bond regime label,1,1.0,1.0,30,0.0103072203367271,1.390439518493965
1997-11-30,Bond regime label,1,1.0,1.0,30,0.0007047884552311,1.3914194842142968
1997-12-31,Bond regime label,1,1.0,1.0,30,0.0052684287505223,1.3987500786289684
1998-01-31,Bond regime label,1,1.0,1.0,30,0.0085382484129958,1.410692954268
1998-02-28,Bond regime label,1,1.0,1.0,30,-0.0046531273934133,1.4041288202388005
1998-03-31,Bond regime label,1,1.0,1.0,30,-0.0004636616803565,1.4034777795105715
1998-04-30,Bond regime label,1,1.0,1.0,30,0.0009196053469129,1.404768425180883
1998-05-31,Bond regime label,1,1.0,1.0,30,0.0054858156028367,1.4124747257261128
1998-06-30,Bond regime label,1,1.0,1.0,30,0.0043808490885597,1.4186625643409236
1998-07-31,Bond regime label,1,1.0,1.0,30,-0.001872737451017,1.4160057818263263
1998-08-31,Bond regime label,1,1.0,1.0,30,0.0119743929688664,1.432961591504102
1998-09-30,Bond regime label,1,1.0,1.0,30,0.0188160284363664,1.459924237558064
1998-10-31,Bond regime label,1,1.0,1.0,30,-0.008475470256851,1.4475506931053843
1998-11-30,Bond regime label,1,1.0,1.0,30,0.0025634110052555,1.451261360482756
1998-12-31,Bond regime label,1,1.0,1.0,30,-0.0007933424010308,1.4501100133105074
1999-01-31,Bond regime label,1,1.0,1.0,30,0.0036372493041181,1.4553844249473158
1999-02-28,Bond regime label,0,0.0333333333333333,0.9666666666666668,30,-0.020956830368743,1.4248841804323844
1999-03-31,Bond regime label,0,0.0,1.0,30,0.0012416646631725,1.426653408768341
1999-04-30,Bond regime label,0,0.0,1.0,30,-0.0005320003825508,1.4258944286091089
1999-05-31,Bond regime label,0,0.0,1.0,30,-0.01215896751436,1.408557024572744
1999-06-30,Bond regime label,0,0.0,1.0,30,-0.0071859002873321,1.398435274245143
1999-07-31,Bond regime label,0,0.0,1.0,30,-0.0080574233543188,1.3871674892069368
1999-08-31,Bond regime label,0,0.0,1.0,30,-0.0044087147684741,1.381051863410923
1999-09-30,Bond regime label,0,0.0,1.0,30,0.0077094475211767,1.3916990102759128
1999-10-31,Bond regime label,0,0.0,1.0,30,-0.0002103609377432,1.3914062511670549
1999-11-30,Bond regime label,0,0.0,1.0,30,-0.0036716118636988,1.3862975474680452
1999-12-31,Bond regime label,0,0.0,1.0,30,-0.0092222108165529,1.3735128192308246
2000-01-31,Bond regime label,0,0.0,1.0,30,-0.0073743628185907,1.363384037365831
2000-02-29,Bond regime label,0,0.0,1.0,30,0.0077935717551924,1.3740096686909256
2000-03-31,Bond regime label,0,0.0,1.0,30,0.0084736954117966,1.385652608116276
2000-04-30,Bond regime label,0,0.0,1.0,30,-0.0074633456551075,1.3753110037440028
2000-05-31,Bond regime label,0,0.0,1.0,30,-0.00545898012263,1.36780320831213
2000-06-30,Bond regime label,1,0.7333333333333333,0.7333333333333333,30,0.0168048791974755,1.3907889759937349
2000-07-31,Bond regime label,1,0.9666666666666668,0.9666666666666668,30,0.0042773826687735,1.3967379126555717
2000-08-31,Bond regime label,1,1.0,1.0,30,0.0094937475710398,1.4099981898212246
2000-09-30,Bond regime label,1,1.0,1.0,30,0.0011870405840864,1.4116719148960306
2000-10-31,Bond regime label,1,1.0,1.0,30,0.0010172518810461,1.4131079408068783
2000-11-30,Bond regime label,1,1.0,1.0,30,0.0112509560303882,1.429006756115089
2000-12-31,Bond regime label,1,1.0,1.0,30,0.0135503376270887,1.4483702801318392
2001-01-31,Bond regime label,1,1.0,1.0,30,0.0109536339020931,1.4642351979350754
2001-02-28,Bond regime label,1,1.0,1.0,30,0.0049112802621842,1.471426467361889
2001-03-31,Bond regime label,1,1.0,1.0,30,0.0008202276395496,1.4726333720199845
2001-04-30,Bond regime label,1,1.0,1.0,30,-0.0080504593661684,1.460777996897274
2001-05-31,Bond regime label,1,1.0,1.0,30,0.0028317294099168,1.4649145249124471
2001-06-30,Bond regime label,1,1.0,1.0,30,0.0009784555172737,1.466347878611682
2001-07-31,Bond regime label,1,1.0,1.0,30,0.0193572598875914,1.4947323555835867
2001-08-31,Bond regime label,1,1.0,1.0,30,0.008351465665889,1.5072155615309364
2001-09-30,Bond regime label,1,1.0,1.0,30,0.0088527442112335,1.5205585553683607
2001-10-31,Bond regime label,1,1.0,1.0,30,0.0187256450669601,1.5490319951797182
2001-11-30,Bond regime label,1,1.0,1.0,30,-0.0154874786391176,1.5250413952430626
2001-12-31,Bond regime label,1,1.0,1.0,30,-0.0078501752451463,1.513069553034302
2002-01-31,Bond regime label,1,1.0,1.0,30,0.0066949597233643,1.5231994927505157
2002-02-28,Bond regime label,1,1.0,1.0,30,0.0083909891492371,1.5359806431663088
2002-03-31,Bond regime label,0,0.0666666666666666,0.9333333333333332,30,-0.0179358415263311,1.5084315377629658
2002-04-30,Bond regime label,1,0.9,0.9,30,0.0178920076023796,1.53542040630429
2002-05-31,Bond regime label,1,1.0,1.0,30,0.0070967954942707,1.5463169709255615
2002-06-30,Bond regime label,1,1.0,1.0,30,0.0073466708391508,1.5576772527239442
2002-07-31,Bond regime label,1,1.0,1.0,30,0.0105664801962713,1.574136418567034
2002-08-31,Bond regime label,1,1.0,1.0,30,0.015484084627937,1.5985104800880434
2002-09-30,Bond regime label,1,1.0,1.0,30,0.0147956088194643,1.6221614158452402
2002-10-31,Bond regime label,1,1.0,1.0,30,-0.0059548729838525,1.6125016506545753
2002-11-30,Bond regime label,1,1.0,1.0,30,-0.0014659233040511,1.6101378469070595
2002-12-31,Bond regime label,1,1.0,1.0,30,0.0195558128869525,1.6416254013633746
2003-01-31,Bond regime label,1,1.0,1.0,30,-0.0001462746120043,1.6413852732447338
2003-02-28,Bond regime label,1,1.0,1.0,30,0.0129454907876306,1.662633811178476
2003-03-31,Bond regime label,1,1.0,1.0,30,-0.0017793541987708,1.659675396725537
2003-04-30,Bond regime label,1,1.0,1.0,30,0.0072516441245812,1.6717107720649136
2003-05-31,Bond regime label,1,1.0,1.0,30,0.0177450064611409,1.7013752905163642
2003-06-30,Bond regime label,1,1.0,1.0,30,-0.0029848461312759,1.696296947062618
2003-07-31,Bond regime label,0,0.0,1.0,30,-0.0343192584394023,1.6380812937464069
2003-08-31,Bond regime label,0,0.0,1.0,30,0.0059392269148174,1.6478102302548845
2003-09-30,Bond regime label,0,0.0,1.0,30,0.0256706405219461,1.6901105743241425
2003-10-31,Bond regime label,0,0.0,1.0,30,-0.0100262902667128,1.673165035123128
2003-11-30,Bond regime label,0,0.0,1.0,30,0.0016950420880571,1.676001120277927
2003-12-31,Bond regime label,0,0.0,1.0,30,0.0093764085213251,1.691715991463851
2004-01-31,Bond regime label,1,0.9,0.9,30,0.0073453023030973,1.704142156832137
2004-02-29,Bond regime label,1,1.0,1.0,30,0.0102241419469754,1.7215655481414138
2004-03-31,Bond regime label,1,1.0,1.0,30,0.006588986784141,1.7329089207861503
2004-04-30,Bond regime label,0,0.0,1.0,30,-0.0268166156536948,1.6864381682945693
2004-05-31,Bond regime label,0,0.0,1.0,30,-0.0046058706725372,1.678670652194174
2004-06-30,Bond regime label,0,0.0,1.0,30,0.0048515784546573,1.6868148545628248
2004-07-31,Bond regime label,0,0.0,1.0,30,0.0089122549949146,1.7018481786758983
2004-08-31,Bond regime label,1,0.8666666666666667,0.8666666666666667,30,0.0179751741089716,1.7324391959946337
2004-09-30,Bond regime label,1,0.9666666666666668,0.9666666666666668,30,0.0016134996608124,1.735234486049749
2004-10-31,Bond regime label,1,1.0,1.0,30,0.0072857442348007,1.7478769607025133
2004-11-30,Bond regime label,1,0.9,0.9,30,-0.0094764103668484,1.7313133613521363
2004-12-31,Bond regime label,1,1.0,1.0,30,0.0076011221695278,1.74447328572551
2005-01-31,Bond regime label,1,1.0,1.0,30,0.0046794738148423,1.7526365027867543
2005-02-28,Bond regime label,1,0.7666666666666667,0.7666666666666667,30,-0.0075031974282449,1.7394861250863969
2005-03-31,Bond regime label,0,0.1,0.9,30,-0.0072360091306827,1.7268991876025757
2005-04-30,Bond regime label,1,0.9666666666666668,0.9666666666666668,30,0.0114339595976389,1.746644483142819
2005-05-31,Bond regime label,1,1.0,1.0,30,0.0084187470266898,1.761349041191962
2005-06-30,Bond regime label,1,1.0,1.0,30,0.0031529078117773,1.7669024123432029
2005-07-31,Bond regime label,0,0.2,0.8,30,-0.011495384516056,1.7465911897109705
2005-08-31,Bond regime label,1,1.0,1.0,30,0.0098194686517568,1.763741787145772
2005-09-30,Bond regime label,0,0.0333333333333333,0.9666666666666668,30,-0.0132091125478465,1.7404443233740234
2005-10-31,Bond regime label,0,0.0,1.0,30,-0.0106139379560264,1.7219713553098133
2005-11-30,Bond regime label,0,0.0,1.0,30,0.0013226044226045,1.7242488422399442
2005-12-31,Bond regime label,0,0.0,1.0,30,0.0063075016307892,1.7351245446242591
2006-01-31,Bond regime label,0,0.0,1.0,30,-0.003443459929244,1.7291497127825977
2006-02-28,Bond regime label,0,0.0,1.0,30,-8.047781735369365e-05,1.7290105545878351
2006-03-31,Bond regime label,0,0.0,1.0,30,-0.0135129185986605,1.7056465757074648
2006-04-30,Bond regime label,0,0.0,1.0,30,-0.0054129344335596,1.696414022626335
2006-05-31,Bond regime label,0,0.0,1.0,30,-0.0053669316349301,1.6873094845423626
2006-06-30,Bond regime label,0,0.0,1.0,30,-0.0018801640426901,1.684137065920636
2006-07-31,Bond regime label,0,0.0,1.0,30,0.0095219793183687,1.7001733842316304
2006-08-31,Bond regime label,1,0.7,0.7,30,0.0111082931293297,1.7190594085543598
2006-09-30,Bond regime label,1,0.9666666666666668,0.9666666666666668,30,0.0046839974699557,1.727111478474732
2006-10-31,Bond regime label,1,1.0,1.0,30,0.0025148866299344,1.7314549680403546
2006-11-30,Bond regime label,1,1.0,1.0,30,0.0074011990501032,1.7442698109051116
2006-12-31,Bond regime label,1,0.8333333333333334,0.8333333333333334,30,-0.0098033480854339,1.7271701267938948
2007-01-31,Bond regime label,0,0.1333333333333333,0.8666666666666667,30,-0.0048103088154461,1.718861905107203
2007-02-28,Bond regime label,1,0.9333333333333332,0.9333333333333332,30,0.0116200034077354,1.7388350863019753
2007-03-31,Bond regime label,1,1.0,1.0,30,-0.0042694910341774,1.731411145491096
2007-04-30,Bond regime label,1,1.0,1.0,30,0.000992295195747,1.7331292164526295
2007-05-31,Bond regime label,0,0.0333333333333333,0.9666666666666668,30,-0.0116785161583977,1.7128888388936965
2007-06-30,Bond regime label,0,0.0,1.0,30,-0.006958240649437,1.7009701461469395
2007-07-31,Bond regime label,0,0.0,1.0,30,0.0043413833816337,1.7083547096720768
2007-08-31,Bond regime label,1,0.5333333333333333,0.5333333333333333,30,0.0080565046151974,1.7221180772749445
2007-09-30,Bond regime label,1,0.9666666666666668,0.9666666666666668,30,0.0043863415806631,1.729671875404107
2007-10-31,Bond regime label,1,1.0,1.0,30,0.0057828840648855,1.739674367329862
2007-11-30,Bond regime label,1,1.0,1.0,30,0.0145831398828214,1.765044281979192
2007-12-31,Bond regime label,1,1.0,1.0,30,0.0001087645065066,1.7652362561494837
2008-01-31,Bond regime label,1,1.0,1.0,30,0.0146981472099587,1.791181958502725
2008-02-29,Bond regime label,1,1.0,1.0,30,8.79892662163052e-05,1.7913395632889135
2008-03-31,Bond regime label,1,1.0,1.0,30,0.0017118533471703,1.7944060739162484
2008-04-30,Bond regime label,1,1.0,1.0,30,-0.0038897383222588,1.7874263038448424
2008-05-31,Bond regime label,1,1.0,1.0,30,-0.0091329500039042,1.771101828776164
2008-06-30,Bond regime label,1,1.0,1.0,30,-0.0025009267867103,1.766672432770586
2008-07-31,Bond regime label,1,1.0,1.0,30,-0.0023230393770666,1.762568383142882
2008-08-31,Bond regime label,1,1.0,1.0,30,0.0081906561803869,1.7770049747636256
2008-09-30,Bond regime label,0,0.0333333333333333,0.9666666666666668,30,-0.014931628540614,1.750471396565632
2008-10-31,Bond regime label,0,0.0,1.0,30,-0.0244042087699489,1.7077525271580205
2008-11-30,Bond regime label,0,0.0,1.0,30,0.0322498486310502,1.76282728765816
2008-12-31,Bond regime label,1,0.7666666666666667,0.7666666666666667,30,0.0373091739192466,1.828596917522992
2009-01-31,Bond regime label,0,0.0,1.0,30,-0.0088233271439377,1.8124626087052904
2009-02-28,Bond regime label,0,0.0,1.0,30,-0.0038744489235188,1.8054403149020744
2009-03-31,Bond regime label,1,0.8333333333333334,0.8333333333333334,30,0.0137013671534931,1.8301773155302656
2009-04-30,Bond regime label,1,1.0,1.0,30,0.0046809093344506,1.8387442096102316
2009-05-31,Bond regime label,1,1.0,1.0,30,0.0072534609468466,1.8520814689258795
2009-06-30,Bond regime label,1,1.0,1.0,30,0.0055876798609981,1.862430307250725
2009-07-31,Bond regime label,1,1.0,1.0,30,0.0160296853699031,1.8922844790993256
2009-08-31,Bond regime label,1,1.0,1.0,30,0.0102544007863765,1.91168872254985
2009-09-30,Bond regime label,1,1.0,1.0,30,0.010404657415381,1.9315791887928289
2009-10-31,Bond regime label,1,1.0,1.0,30,0.0049375166698109,1.9411163932365527
2009-11-30,Bond regime label,1,1.0,1.0,30,0.0129466597617815,1.9662473667378035
2009-12-31,Bond regime label,1,1.0,1.0,30,-0.015731390593047,1.9353155614091009
2010-01-31,Bond regime label,1,1.0,1.0,30,0.0152758481893606,1.9648791481236936
2010-02-28,Bond regime label,1,1.0,1.0,30,0.0037343257431885,1.9722166469087865
2010-03-31,Bond regime label,1,1.0,1.0,30,-0.0013295264730428,1.9695945326661453
2010-04-30,Bond regime label,1,1.0,1.0,30,0.0103096237992574,1.989900311335008
2010-05-31,Bond regime label,1,1.0,1.0,30,0.0083148727984345,2.006446079305324
2010-06-30,Bond regime label,1,1.0,1.0,30,0.0155814383102859,2.0377093951129344
2010-07-31,Bond regime label,1,1.0,1.0,30,0.0105750160248507,2.059258204620243
2010-08-31,Bond regime label,1,1.0,1.0,30,0.0127613245517748,2.0855370669053066
2010-09-30,Bond regime label,1,1.0,1.0,30,0.0009656936943445,2.0875510569001388
2010-10-31,Bond regime label,1,1.0,1.0,30,0.0034605595852428,2.0947751517197783
2010-11-30,Bond regime label,1,1.0,1.0,30,-0.0058474019825239,2.0825261593446704
2010-12-31,Bond regime label,1,1.0,1.0,30,-0.0108836695820952,2.059860632730293
2011-01-31,Bond regime label,1,1.0,1.0,30,0.0010638535128877,2.062052022700483
2011-02-28,Bond regime label,1,1.0,1.0,30,0.00240150638158,2.0670040537921484
2011-03-31,Bond regime label,1,1.0,1.0,30,0.0004524794793336,2.067939330710189
2011-04-30,Bond regime label,1,1.0,1.0,30,0.0126939436782098,2.094189636104179
2011-05-31,Bond regime label,1,1.0,1.0,30,0.0130501213337728,2.121519064951268
2011-06-30,Bond regime label,1,1.0,1.0,30,-0.0029277294423118,2.1153078311223843
2011-07-31,Bond regime label,1,1.0,1.0,30,0.0158680254837524,2.148873589692615
2011-08-31,Bond regime label,1,1.0,1.0,30,0.0145099630371439,2.18005366605055
2011-09-30,Bond regime label,1,1.0,1.0,30,0.0072746108025669,2.195912707999777
2011-10-31,Bond regime label,1,1.0,1.0,30,0.0010741690902129,2.198271489555516
2011-11-30,Bond regime label,1,1.0,1.0,30,-0.0008675452464799,2.19636438957428
2011-12-31,Bond regime label,1,1.0,1.0,30,0.0109908314529718,2.2205042603894003
2012-01-31,Bond regime label,1,1.0,1.0,30,0.0087807027952468,2.240001848355459
2012-02-29,Bond regime label,1,1.0,1.0,30,-0.0002296494205552,2.239487433228942
2012-03-31,Bond regime label,1,1.0,1.0,30,-0.0054792371646907,2.2272167504549363
2012-04-30,Bond regime label,1,1.0,1.0,30,0.0110864495194744,2.251908676527783
2012-05-31,Bond regime label,1,1.0,1.0,30,0.0089482611069633,2.27205934335439
2012-06-30,Bond regime label,1,1.0,1.0,30,0.0003920356034587,2.272950071510156
2012-07-31,Bond regime label,1,1.0,1.0,30,0.0137931415135474,2.3043011934997235
2012-08-31,Bond regime label,1,1.0,1.0,30,0.0005533243319759,2.3055762194182883
2012-09-30,Bond regime label,1,1.0,1.0,30,0.0012765261485561,2.308519347749865
2012-10-31,Bond regime label,1,1.0,1.0,30,0.0018668675189759,2.3128290475371065
2012-11-30,Bond regime label,1,1.0,1.0,30,0.0014779969741502,2.316247401871093
2012-12-31,Bond regime label,1,1.0,1.0,30,-0.0015239152797478,2.312717637063706
2013-01-31,Bond regime label,1,1.0,1.0,30,-0.0069941823583949,2.296542068166606
2013-02-28,Bond regime label,1,1.0,1.0,30,0.005012312379538,2.308053054405008
2013-03-31,Bond regime label,1,1.0,1.0,30,0.0007986222408145,2.3098963169072357
2013-04-30,Bond regime label,1,1.0,1.0,30,0.0101186663337204,2.3332693870035097
2013-05-31,Bond regime label,0,0.0666666666666666,0.9333333333333332,30,-0.0178419802448436,2.291639240694695
2013-06-30,Bond regime label,0,0.0,1.0,30,-0.0154685431007124,2.256190920328725
2013-07-31,Bond regime label,0,0.0,1.0,30,0.0013671907564567,2.2592755636998
2013-08-31,Bond regime label,0,0.0,1.0,30,-0.0051116402204499,2.2477269598593126
2013-09-30,Bond regime label,0,0.0,1.0,30,0.009466907662784,2.269005983439451
2013-10-31,Bond regime label,0,0.0,1.0,30,0.0080849723408842,2.28735083405686
2013-11-30,Bond regime label,0,0.0,1.0,30,-0.0037441891062188,2.278786559981884
2013-12-31,Bond regime label,0,0.0,1.0,30,-0.005651147562633,2.265908800867681
2014-01-31,Bond regime label,1,0.8666666666666667,0.8666666666666667,30,0.0147753810056112,2.2993884667244693
2014-02-28,Bond regime label,1,1.0,1.0,30,0.0053169444202076,2.31161418740251
2014-03-31,Bond regime label,1,1.0,1.0,30,-0.0017032725615809,2.307676878384146
2014-04-30,Bond regime label,1,1.0,1.0,30,0.0084385205148964,2.327150257064143
2014-05-31,Bond regime label,1,1.0,1.0,30,0.0113853117086049,2.353645588133578
2014-06-30,Bond regime label,1,1.0,1.0,30,0.000516773839523,2.3548618906010343
2014-07-31,Bond regime label,1,1.0,1.0,30,-0.0025079872204473,2.3489559270734883
2014-08-31,Bond regime label,1,1.0,1.0,30,0.0110394012672891,2.37488699411163
2014-09-30,Bond regime label,1,1.0,1.0,30,-0.0067899702740804,2.358761582017312
2014-10-31,Bond regime label,1,1.0,1.0,30,0.0098293029115787,2.381946564103155
2014-11-30,Bond regime label,1,1.0,1.0,30,0.0070962307854285,2.398849406640589
2014-12-31,Bond regime label,1,1.0,1.0,30,0.0009356639555062,2.4010939235650706
2015-01-31,Bond regime label,1,1.0,1.0,30,0.0209674808211524,2.4514388143572066
2015-02-28,Bond regime label,1,1.0,1.0,30,-0.0094014383484567,2.4283917634790133
2015-03-31,Bond regime label,1,1.0,1.0,30,0.0046420604758756,2.439664504904201
2015-04-30,Bond regime label,1,1.0,1.0,30,-0.0035875269193011,2.430912142818794
2015-05-31,Bond regime label,1,1.0,1.0,30,-0.0024088927862172,2.4250563360940296
2015-06-30,Bond regime label,0,0.1,0.9,30,-0.0109049731641485,2.398611161827376
2015-07-31,Bond regime label,0,0.4666666666666667,0.5333333333333333,30,0.0069528305339041,2.415288298752293
2015-08-31,Bond regime label,1,0.5333333333333333,0.5333333333333333,30,-0.0014380720489671,2.41181494015966
2015-09-30,Bond regime label,1,1.0,1.0,30,0.0067639933035945,2.428128440264409
2015-10-31,Bond regime label,1,1.0,1.0,30,0.000170416694639,2.4285422338873577
2015-11-30,Bond regime label,1,1.0,1.0,30,-0.0026435903261116,2.4221221631312995
2015-12-31,Bond regime label,1,1.0,1.0,30,-0.0033304156053922,2.414055489681041
2016-01-31,Bond regime label,1,1.0,1.0,30,0.013658180118417,2.447027094374958
2016-02-29,Bond regime label,1,1.0,1.0,30,0.0068956867446423,2.46390102667342
2016-03-31,Bond regime label,1,1.0,1.0,30,0.0089721183879862,2.486007438381015
2016-04-30,Bond regime label,1,1.0,1.0,30,0.0037411711035049,2.4953080175725844
2016-05-31,Bond regime label,1,1.0,1.0,30,0.0001561025213543,2.4956975414456832
2016-06-30,Bond regime label,1,1.0,1.0,30,0.0177677694663387,2.540040520019798
2016-07-31,Bond regime label,1,1.0,1.0,30,0.0061224654656284,2.555591830384917
2016-08-31,Bond regime label,1,1.0,1.0,30,-0.0013418713948962,2.5521625548106925
2016-09-30,Bond regime label,1,1.0,1.0,30,-0.0007887605608926,2.550149509642471
2016-10-31,Bond regime label,1,1.0,1.0,30,-0.0078485777965419,2.530134462823229
2016-11-30,Bond regime label,0,0.0,1.0,30,-0.0237519244088256,2.470038900318087
2016-12-31,Bond regime label,0,0.0,1.0,30,0.0011086005705338,2.4727771868522206
2017-01-31,Bond regime label,0,0.0,1.0,30,0.0015631951507055,2.4766426201594838
2017-02-28,Bond regime label,0,0.0,1.0,30,0.0063213735639439,2.492298403345896
2017-03-31,Bond regime label,0,0.0,1.0,30,-0.0008266959609944,2.4902380303222573
2017-04-30,Bond regime label,0,0.0,1.0,30,0.007218907307868,2.508214827837681
2017-05-31,Bond regime label,1,0.9666666666666668,0.9666666666666668,30,0.0070946446269465,2.526009720689227
2017-06-30,Bond regime label,1,1.0,1.0,30,-0.0016032915871776,2.521959790554917
2017-07-31,Bond regime label,1,1.0,1.0,30,0.0036041393947489,2.531049285188028
2017-08-31,Bond regime label,1,1.0,1.0,30,0.0080654730764874,2.551463395052975
2017-09-30,Bond regime label,1,1.0,1.0,30,-0.0056602540755098,2.537021463972612
2017-10-31,Bond regime label,1,1.0,1.0,30,-0.0003211316385899,2.536206746112749
2017-11-30,Bond regime label,1,1.0,1.0,30,-0.0020845404090918,2.5309199206646658
2017-12-31,Bond regime label,1,1.0,1.0,30,0.0036900383894119,2.5402591123324454
2018-01-31,Bond regime label,0,0.0666666666666666,0.9333333333333332,30,-0.0126179561858315,2.508206234152375
2018-02-28,Bond regime label,0,0.0,1.0,30,-0.0105769626260627,2.481677030555288
2018-03-31,Bond regime label,0,0.0,1.0,30,0.0052133597520499,2.494614905703972
2018-04-30,Bond regime label,0,0.0,1.0,30,-0.0088387050702213,2.4725657402886765
2018-05-31,Bond regime label,0,0.0,1.0,30,0.0057347203069729,2.486745213249836
2018-06-30,Bond regime label,0,0.0,1.0,30,-0.0026303051950629,2.4802043143966266
2018-07-31,Bond regime label,0,0.0,1.0,30,-0.0013615830882937,2.476827310146631
2018-08-31,Bond regime label,0,0.0,1.0,30,0.0048357222310504,2.48880455903278
2018-09-30,Bond regime label,0,0.0,1.0,30,-0.0079389752901239,2.4690460011366717
2018-10-31,Bond regime label,0,0.0,1.0,30,-0.0098009966876399,2.4448468894579003
2018-11-30,Bond regime label,0,0.0,1.0,30,0.0041666826846067,2.455033790658719
2018-12-31,Bond regime label,0,0.0,1.0,30,0.0164710839536641,2.495470858333741
2019-01-31,Bond regime label,1,0.9333333333333332,0.9333333333333332,30,0.0085224958467704,2.5167384983596275
2019-02-28,Bond regime label,1,1.0,1.0,30,-0.0023801754063646,2.510748219281581
2019-03-31,Bond regime label,1,1.0,1.0,30,0.0173004411892761,2.5541852711903417
2019-04-30,Bond regime label,1,1.0,1.0,30,-0.0018436907581531,2.5494761434112374
2019-05-31,Bond regime label,1,1.0,1.0,30,0.0156519847013103,2.5893805050042658
2019-06-30,Bond regime label,1,1.0,1.0,30,0.0107560663564561,2.617232053538205
2019-07-31,Bond regime label,1,1.0,1.0,30,0.0003010305243331,2.618019920275584
2019-08-31,Bond regime label,1,1.0,1.0,30,0.0243132823950489,2.6816725779131074
2019-09-30,Bond regime label,1,1.0,1.0,30,-0.0071249376368741,2.662565828032961
2019-10-31,Bond regime label,1,1.0,1.0,30,0.0015121566861773,2.6665920447522087
2019-11-30,Bond regime label,1,1.0,1.0,30,-0.0017117408616099,2.6620275301879626
2019-12-31,Bond regime label,1,1.0,1.0,30,-0.0020961442590556,2.6564475364631117
2020-01-31,Bond regime label,1,1.0,1.0,30,0.0179449438202249,2.7041173382663164
2020-02-29,Bond regime label,1,1.0,1.0,30,0.0167996648764009,2.749545603335656
2020-03-31,Bond regime label,1,1.0,1.0,30,-0.007086582576755,2.730060721369064
2020-04-30,Bond regime label,1,1.0,1.0,30,0.0177773904707956,2.778594076821824
2020-05-31,Bond regime label,1,1.0,1.0,30,0.0045535522400839,2.79124655010462
2020-06-30,Bond regime label,1,1.0,1.0,30,0.0062024135815097,2.8085590156163307
2020-07-31,Bond regime label,1,1.0,1.0,30,0.0148353591557943,2.8502249973232434
2020-08-31,Bond regime label,1,1.0,1.0,30,-0.0081733317200578,2.8269291629433195
2020-09-30,Bond regime label,1,1.0,1.0,30,-0.0006468089491592,2.8251006798620883
2020-10-31,Bond regime label,1,1.0,1.0,30,-0.0045652439050052,2.812203406202322
2020-11-30,Bond regime label,1,1.0,1.0,30,0.0097117961378469,2.839514952381517
2020-12-31,Bond regime label,1,1.0,1.0,30,0.0012773009088511,2.843141867410891
2021-01-31,Bond regime label,1,1.0,1.0,30,-0.0071696724943771,2.822757471366504
2021-02-28,Bond regime label,0,0.0333333333333333,0.9666666666666668,30,-0.0144386850648666,2.782000565222943
2021-03-31,Bond regime label,0,0.0,1.0,30,-0.012488357586581,2.7472579473583685
2021-04-30,Bond regime label,0,0.0,1.0,30,0.0079001449369418,2.768961683321665
2021-05-31,Bond regime label,0,0.0,1.0,30,0.0032666411974535,2.778006887630574
2021-06-30,Bond regime label,0,0.3666666666666666,0.6333333333333333,30,0.0070254404805709,2.797523609674238
2021-07-31,Bond regime label,1,0.8,0.8,30,0.0111826787444129,2.828807417481136
2021-08-31,Bond regime label,1,0.9666666666666668,0.9666666666666668,30,-0.0019033933343418,2.823423084298566
2021-09-30,Bond regime label,0,0.1666666666666666,0.8333333333333334,30,-0.0086594848090659,2.7989736949905164
2021-10-31,Bond regime label,0,0.0333333333333333,0.9666666666666668,30,-0.0002760249016927,2.7982011085515164
2021-11-30,Bond regime label,1,0.6666666666666666,0.6666666666666666,30,0.0029606534676174,2.8064856123666404
2021-12-31,Bond regime label,1,0.6,0.6,30,-0.002658043012392,2.7990258528953107
2022-01-31,Bond regime label,0,0.0,1.0,30,-0.0215443667892353,2.738722613267982
2022-02-28,Bond regime label,0,0.0,1.0,30,-0.0111569172018747,2.708166911832849
2022-03-31,Bond regime label,0,0.0,1.0,30,-0.0277835071905349,2.632924536964772
2022-04-30,Bond regime label,0,0.0,1.0,30,-0.0379483429479368,2.5330094136799954
2022-05-31,Bond regime label,0,0.0,1.0,30,0.0061467393293328,2.5485791622646325
2022-06-30,Bond regime label,0,0.0,1.0,30,-0.0162872800167828,2.5070697398038906
2022-07-31,Bond regime label,0,0.0,1.0,30,0.0236340248176564,2.566321888254011
2022-08-31,Bond regime label,0,0.0,1.0,30,-0.0301525578019314,2.4889407191800705
2022-09-30,Bond regime label,0,0.0,1.0,30,-0.0451089367613756,2.376667249675764
2022-10-31,Bond regime label,0,0.0,1.0,30,-0.0152533678756476,2.340415069798456
2022-11-30,Bond regime label,0,0.0,1.0,30,0.033875633372124,2.419698112641542
2022-12-31,Bond regime label,0,0.0,1.0,30,-0.0078092103536912,2.400802181087495
2023-01-31,Bond regime label,0,0.0,1.0,30,0.0272654010045248,2.466261015287383
2023-02-28,Bond regime label,0,0.0,1.0,30,-0.0292552108194114,2.3941100293494557
2023-03-31,Bond regime label,0,0.0,1.0,30,0.0217990938964396,2.446299458677652
2023-04-30,Bond regime label,0,0.0,1.0,30,0.0025633068014279,2.45257007471841
2023-05-31,Bond regime label,0,0.0,1.0,30,-0.0144896428234849,2.4170332103361725
2023-06-30,Bond regime label,0,0.0,1.0,30,-0.0075682128922533,2.3987405884327018
2023-07-31,Bond regime label,0,0.0,1.0,30,-0.005193249187225,2.38628333082146
2023-08-31,Bond regime label,0,0.0,1.0,30,-0.0108871014042053,2.360303622219642
2023-09-30,Bond regime label,0,0.0,1.0,30,-0.0297140986132512,2.2901693276317934
2023-10-31,Bond regime label,0,0.0,1.0,30,-0.0204804764775052,2.2432655685877267
2023-11-30,Bond regime label,0,0.0,1.0,30,0.0408843259306854,2.334979969242952
2023-12-31,Bond regime label,0,0.0,1.0,30,0.0339799706092811,2.414322519971088
2024-01-31,Bond regime label,0,0.0,1.0,30,-0.0074474560592044,2.3963419590908552
2024-02-29,Bond regime label,0,0.0,1.0,30,-0.0183276216802872,2.35242271024804
2024-03-31,Bond regime label,0,0.0,1.0,30,0.0049350395182536,2.3640320092867517
2024-04-30,Bond regime label,0,0.0,1.0,30,-0.0299606946574492,2.293203968096075
2024-05-31,Bond regime label,0,0.0,1.0,30,0.0125532864029382,2.3219912142879395
2024-06-30,Bond regime label,0,0.0,1.0,30,0.005371006212115,2.3344626435243567
2024-07-31,Bond regime label,0,0.0,1.0,30,0.0188575418213665,2.3784848704550354
2024-08-31,Bond regime label,0,0.0,1.0,30,0.0095665472489153,2.401238758349073
2024-09-30,Bond regime label,0,0.0,1.0,30,0.0093911943024598,2.423789258095327
2024-10-31,Bond regime label,0,0.0,1.0,30,-0.0286988415398309,2.354229314251305
2024-11-30,Bond regime label,0,0.0,1.0,30,0.0065713909462028,2.3696998754522616
